id,firm_size,baseline_performance,run1_t1,run1_t2,run2_t1,run2_t2,run3_t1,run3_t2,opt1_t1,opt1_t2,opt2_t1,opt2_t2,opt3_t1,opt3_t2,ada1_t1,ada1_t2,ada2_t1,ada2_t2,ada3_t1,ada3_t2,upg1_t1,upg1_t2,upg2_t1,upg2_t2,upg3_t1,upg3_t2,outcome_12m
1,0.06828858918697922,-2.0544567135565264,0.018000061052417138,-0.36682998867468575,-0.7445086810828027,-0.4040101871028832,0.02304078577397467,0.8838681636109961,0.7615061319558941,1.472999527168858,0.5301469719950506,0.027000434079513302,-0.5046205060925226,0.7123507842103016,0.5868638139321314,0.8130452055091948,2.4176313736520383,0.6633942579783543,0.8871998482545985,0.3357235573218418,-0.3887045731734487,0.5079645973599897,-0.30373014163942286,0.5992258667816017,-0.456302912862267,-0.9287522808947998,0.044495720843856834
2,0.20368980523001126,0.8314543643241161,-0.7843259876455018,-0.7223510487075065,-0.40232397321623636,-0.08240453572162085,-0.8885119640511138,-1.6063773418024576,-0.9888829724226464,-1.7919839995373583,-2.525562034787316,-0.8618331152190871,-1.9321618802725116,-2.1236179048495156,-1.3976973453753367,-0.8982672000033214,-0.5027233079418354,0.6834737605103599,-0.7838122862200592,-0.41189121417377716,0.6116393936464588,-0.07790589411743046,0.18283480988574005,-0.6219478752085601,0.48556216880230163,-1.5190342430675958,-0.008248277750535049
3,0.32860741889262135,0.22640943984225634,2.2094549235079697,0.6469266846502949,0.7977104224090835,1.17104128185176,0.9133672168995368,1.0383173058013875,1.5030258002384211,1.029308220059282,1.506365329578095,-0.3690183459952965,-0.04495409845383036,0.5301961130735183,0.1911623051946052,0.4006315843240257,1.0893837313797146,1.1272149707420245,-0.12544359525592125,-0.4176246901514794,0.8158954255918063,0.6174586195554024,0.05350977293025283,1.0085382293718674,-0.1649483619608763,1.6926739653087544,-0.242744342961557
4,-0.8697625794198502,1.043444425621846,-0.5011403367028837,0.668131959765708,-0.8976974653394323,0.83408440098753,-0.5610692914812462,-1.5189419789952638,0.4047553878995537,-0.4527990408320074,0.4206837444944599,-1.2887192275688097,-0.34872442627886047,-0.21070962690124606,0.1802167580629332,0.05536378930522612,-0.8853203166934589,-0.732401538379525,-0.5920944742377301,0.9763971605408923,-0.9426569395171943,-1.6950953868024452,-0.8401329837975051,1.2888623562192227,0.6352510328440276,-0.341902849667027,-1.6310639165890661
5,0.8776383326574457,0.8643439599097373,-0.8712725871164643,-0.9691273491458308,-1.0659804872709078,0.8845504498976184,-0.3585013204151633,0.04126703301257739,-1.3972891859684315,-1.5574279690331427,-0.9083044816500528,-1.413211578594127,-1.413870611887233,-1.7660658390967359,1.2640075208362314,1.159315446919638,1.6024454661176137,-0.02434106465226471,0.05851208877702907,0.42436230191869484,-1.8369084877688273,-0.42150467035674866,-1.4006119715241523,-1.5847470288068277,0.9180970878489292,0.10647423123340738,-0.020689833713834926
6,1.0223564906228906,-0.24578916588462107,0.49080682127319736,0.8906826179463365,0.6820750560436207,-0.4224775452822101,-0.0825216876487389,0.9224146513361975,-0.6073935645432488,0.8038636405978956,-0.5794987457933999,0.030917477922816627,0.049179712050269345,-0.6982757060079641,-0.10601305384505122,-0.5460023089631505,0.7269823165322922,0.302963272130746,0.16448187696221533,0.40797425600039083,-0.8273913103164069,-1.1937774732029838,-0.9079569563566253,-1.63983610022024,-0.22048301082219623,0.02050127404773472,-0.1338404837917917
7,0.5732285138230674,-1.7510302901888362,0.11460094158705647,0.5580497723047657,-0.07328681407266308,-0.17889642875523115,-0.9735349854476975,-2.2585343449104993,-1.4318728716742073,-0.6386582119097617,-0.8332723168474259,-1.4211583429272814,-1.0709573261561431,-0.4664097301561374,0.19644653981050836,0.8718999489357686,0.5557377308849427,-0.6289181425279035,-0.42577037571748827,-0.8448720272112571,1.1200079293077199,0.35104192632577325,1.922436174110817,0.9970001039289074,2.1067859214573965,2.1484382730688045,-1.3524899328314217
8,-1.7619766796817695,-2.2488918520476013,0.24954709681469778,,-1.3660496621662073,,-0.5134913938497658,,-0.65826159083472,,-1.0762566748824298,,-0.19691419361801754,,-0.9354922742017905,,-1.2326021135269618,,-1.7930015320674473,,-1.2680369516302576,,-0.3794523147940472,,-0.9282146448430314,,-0.0023407031610745976
9,0.3364419926167019,-0.9190815270658085,-0.5722198534005847,0.32100318747350626,-0.1266269056990641,0.997514370860209,1.7884062821668691,0.19509225585343248,-0.15056881320362497,-1.6924168565241993,-0.4828017362568052,-1.9163375793047654,0.1497348481610593,0.9942237981296195,-0.3100552610722668,-0.15769113287123454,-1.0350453636141,-0.5571774123723754,-0.6029073185715643,-1.705612456323754,-1.890437226396938,-1.083241174742553,-1.176233845896942,-1.6756181306471007,-1.114796008755435,-1.1980277303397144,-1.4351901898982526
10,-2.54477198777109,0.9259720617088834,0.94610137731549,0.7497256903854628,0.7902130914964102,0.25496645595542156,-1.2407449652613456,-0.5401584503605703,-0.8755901368618519,-1.4647827400347553,-1.0690597864308655,-0.6033907596389404,-0.5910666278477846,-0.6341698695277753,1.8866319938011724,1.2448707303565496,2.4877168515823955,1.7722520075149406,1.7576738198976605,-0.23689510288690785,0.2141936855815632,0.2122929973418476,-0.19163700539144984,1.1557258013422052,-0.5253530904235375,0.28794855120878626,0.22132789714782672
11,-0.6056626037525026,0.2748462584807262,0.2941381725177255,-0.5325204712918984,0.605689881216612,1.0601395789992574,0.6170681595519333,0.09723144176352784,-0.8944587482573415,0.41567267030983046,1.989708849154228,-1.1238043645921505,0.6836269982506995,0.39747468463160446,1.858299939496555,1.194142915915406,2.690932649053478,2.239146973184888,2.017748673615942,3.0428683750443692,-0.2800121727170222,-1.5520685110106405,-2.156995237217064,-1.0120330132464925,0.2102866635665698,-0.6901773027662105,1.3822135080197064
12,0.27398876040396,0.25860121083540777,-0.42064984984472165,-1.1348624092761783,0.48282453191207086,0.13801451756996758,-0.025747643731283854,0.25909938251988746,-0.4066934699098481,-0.3759466660175884,-0.32112997977880287,-0.935238684017835,-0.8990803617264125,-0.45619673447800824,-0.45992540783334457,-0.8670365648568585,-1.491759587738363,-1.6707841841122413,-0.9297751375238371,-0.6675108055209031,-0.4679283890424247,1.8764505365470425,-0.03180403655253711,-0.19101345572408038,-0.07050548960392294,0.08238216718878297,-1.077376684881642
13,-0.24944022730647805,-1.2494669348299545,-1.145163848040207,,-1.0953156035201999,,-2.1114682552846293,,-0.7551365633752761,,-0.9230032667581863,,-0.28985952010119537,,0.3014234433371509,,-1.0206355172847343,,-0.7630544290708763,,0.6141095214457212,,-0.9564917217692273,,0.6363308151473005,,-0.7445288261825928
14,-0.27393551206222794,-0.9986702111039183,-1.5537082871619616,-1.4267307300445355,-1.0265124235110439,-1.0671051281451505,-1.233040840730157,-2.514170099968902,-3.128946577431258,-1.8684339517502662,-3.103443328315316,-2.9180981671839663,-0.5619645801712982,-2.376863267567848,-1.0168996335544276,-0.41768914938100776,0.5224435300805059,0.679839471652581,-1.2412689867007707,-1.3328838745722589,0.03865736733672487,0.2718836355989869,1.936949006630084,1.187754448510407,-1.404175953958511,-0.1881382049017436,-2.211122308074549
15,-0.9695208963268919,-0.7876392558406746,0.6075261308997556,0.6315101688014706,2.524439577086355,-0.08720040685579133,0.7233536125653802,0.6922096166882519,0.15303255516948622,0.03537753823750736,0.5790491074434543,-0.774853300342524,0.23646535933255258,-0.08824795861050339,0.8387234692873717,0.6392562783054224,-0.8367518976826699,1.0378237819629503,1.680743520755736,-0.158338492946426,-1.4033528424975628,-0.024027532827450973,-1.4670084700595718,-0.8964654043144626,-0.9009328962551687,-0.9726423815804448,0.7500913378720502
16,-0.06879045029021152,2.2224793578307565,-0.45401174577383097,-0.25645445849392706,0.38604723876281677,0.8110199682025881,0.24928876037397474,0.5996174080275176,0.02192015002746217,-0.10568899813234645,1.5157667937259425,0.5878275167761415,0.1920194889253488,1.6930672632493349,1.0873834022816795,-1.4430204197825145,-1.4372044416439538,-1.4834375746702313,0.1437352163030285,0.04601490967776978,0.9714425919871741,-0.08131541910736262,1.2306819559638407,1.1853579089522503,1.1866836102617446,1.9920319299374545,-0.027115892428331484
17,0.6149158283455012,-0.16076193257166008,0.5874320333633545,,0.686897975519443,,0.06879477722954061,,-0.23829772772106644,,-0.39560403745170497,,0.07673135428770483,,1.7849337306112805,,0.6277529797517095,,0.9954205231643393,,-1.677385529906588,,-1.504395711033754,,-1.6144904369302056,,-0.2735767961676321
18,0.25251538465972057,0.5055048192596581,0.8362894085255903,-0.2006584385759117,-0.05120348732693247,0.26853965798744783,0.3982650010171342,0.03329425188036961,0.5693685509597308,-0.15361188004352405,-0.5936485501765497,0.8305872250178261,0.7643009405730706,-1.0030521852618082,0.4118446640573634,-0.8451194328690871,0.5014443594969441,-0.9552622813646352,-1.4283079084309045,0.17486821694103152,0.05536946567432488,-0.9016345511364332,-0.6551831958646029,-1.120042752517789,-0.5169222033847527,-1.7202219494039355,0.7096792492410212
19,0.11250484661057146,-1.2836529398423155,-0.28141003707099077,0.9274157092518129,-0.39292721337881736,-0.3836207813367981,-0.17416152012480993,-2.1983881783796044,-1.2878397501146224,-0.701494835469525,-0.5624197195272627,-1.1655163559236121,-1.723191892322399,-1.9704980186798051,0.021785276827043787,-1.390364263102619,-0.888973010579837,1.1263822835433528,-0.6908965228766907,-0.21684587959220103,-1.131694570193638,-1.5359588429565671,-0.9803242353431276,-0.10960989463073523,-0.5625008903141185,-1.1691840727600673,-0.7231597230002906
20,-0.4050978371112885,-0.06347453452441164,-1.056052874592459,,-1.3822806310360842,,-0.8537498646561477,,-0.1716694075191611,,0.4438268864041719,,0.050821450006824725,,-0.5431903271702031,,-2.6173737878568932,,-0.8605128689958299,,1.0124816815478057,,-0.26667735712400126,,0.7589438690019338,,-2.220926593982914
21,-0.8490155053764321,-0.8092955991101215,-1.897302814942451,-1.6670351183762455,-1.437605585023039,-0.734113811786106,-2.1547603477719335,-2.616527036363043,-1.9680580568375332,-2.9722111592634564,-1.9714164144544846,-1.3469514524817563,-1.3329878899281251,-1.1684744280453814,0.1774927858123304,-1.6915136838436902,-0.28877073710525264,-1.313194376141206,-1.7616684876702353,0.7408413592526855,-0.7607169698404821,0.15570829549235504,0.2574428893006019,-0.9041412076016648,0.20883133042812702,0.6245707856039812,-0.8903211440968082
22,0.36940360752193147,-0.21325757754116922,2.2106801414768222,,2.167597153211189,,1.797501190723179,,1.3540822632592246,,0.3892116829898662,,1.0145686687194826,,0.791959036418487,,1.8859742485536417,,1.628892637347484,,-0.2307322377419748,,-0.3925153250316699,,0.07605156666289381,,1.707570641367295
23,-0.477488733857656,1.0720674225937226,-0.7953308206760349,-0.9877857728075148,0.31844333912364253,-0.17482557424915718,0.286703502119196,-0.6333480857378205,-0.7004258682018958,0.18691551530923728,-0.5839391289732592,-0.45302142461917005,-0.45862387698933105,-0.9723123886547372,0.532524854969533,-0.05853702747170406,-0.8840953010160568,-0.009620641896573134,-1.1855078078291612,-0.6936563593432861,-1.4059119543330227,-0.20602575577291227,-0.6365509014716747,-0.8879262290410266,-0.4838858504532184,-1.0212032280667809,-1.3021813040836268
24,0.16210437914662024,0.6060027598398047,-0.3758693147754353,0.3735828544230748,-1.3988410116641057,-0.05956166038471877,-0.12486007438109104,-1.259525875238233,-1.8080140995231828,-0.0748358320228803,-1.1047146565588732,-0.3341484870217354,-0.627854132916112,-0.9378808406820993,-0.03143276018506069,1.1970940269611259,0.9807236061600699,0.3778588653907591,1.2994799429805142,0.6859391789539517,-1.5515539264356217,-2.582243090222057,-2.6116476027877367,-2.209677997252681,-1.864343266351205,-2.006136489245014,-1.2254076202556763
25,-1.401849626958793,0.16791687536977298,-0.3665483744578439,0.6190420434238362,-0.17380836949409886,0.8557251723662642,0.19760219846536448,1.0464768839134073,-0.5064435375726396,-1.3169372736930338,1.6062456815060808,0.10515840838913415,-0.486568136469291,0.04381747458400731,1.2100804255529356,-0.02545949519583207,1.870740201053085,0.8693944124151174,0.8149404034301129,2.371959886897639,0.6195173416286608,0.7219083566524406,0.7339982519155704,0.4930868885045172,-0.22265192296714864,1.4499201636428238,1.6568841143369766
26,-0.026764965729644676,-0.10044830306651978,-0.8759408682812846,0.21088193013932077,0.057190746161270734,0.6662686237337491,-0.21530809454110444,-0.8336020476254479,-0.262555446226738,-0.36717119987712266,-0.14654134913963496,-2.05249152601517,-1.2399725809624391,0.5728140056833972,-0.5572611248330037,0.9160149544916778,0.8099090464705787,-0.5492092603346306,1.3362682626996107,0.4495735401667462,0.48787125768622586,-0.38595788855243296,-0.47629443754254436,1.6376461979189176,1.0996213051456245,-0.3393494745444083,-1.243288082666884
27,-0.8947868400460054,1.2984452225742555,-0.0692843613568665,-0.974502644842379,-0.045299553172791496,-0.6459964504607534,-0.5461875209670787,0.5920420831490117,-0.5743411947866843,-0.7752828744731819,-1.1470202118904962,-0.9766274866927006,-1.1438630841948325,-1.0133276151221022,0.3095401506084593,1.1326992051201556,-0.6452599817729077,0.6694807676188139,0.5638391466279757,-0.39265533851004175,-0.46094368774823435,-0.5282706800609571,1.0792143383124242,-0.9367246891217903,0.32695959080464565,0.8489736247257603,0.2988772365382861
28,1.1802980432648318,1.292623212688054,0.34073064081935933,-1.1844577664495188,1.2559778855534218,-0.8990252800966764,-0.14504442776917384,0.9776120313916093,-0.8273713272794628,0.5008756483757031,0.2689965236101325,0.31493434622048583,-0.9639336831130763,0.06875764690045547,0.17176397329840032,0.6085036787141545,0.8128991479771882,0.4443205963749467,0.6724184772991663,0.9963684638472573,-0.11337977901784013,-0.3658337525886425,0.6500267918123339,0.3361000200168535,0.4417319564104777,0.4355751200223391,-0.6545384843270763
29,-0.083353835527945,-1.2093118612677956,-0.11935835943100029,-0.4103401947748127,-0.5718982361170981,0.15264918503639321,-0.48141982568527475,0.3897726654346433,0.3956935605067706,0.9203632293214097,-0.4209530418952341,0.34984237785733974,0.00044269312856770604,-0.07054573385498591,2.246077849900396,-0.6183853600295561,1.2680016719184313,1.0164591349719103,1.125016172342486,0.4181436933444337,1.582506560100831,1.3318355093381697,1.2792459249195236,0.40444706181110046,1.299576975245143,-0.40537356416678827,-0.1550280025321422
30,0.07210819607397484,-0.1853346278179992,-0.1242968461812485,-0.6754441457588961,-0.03216629898995149,-0.5076186792358195,0.15341305850990006,-0.8252560989048598,-2.1142143867651204,0.3896262431437847,-1.4960762502196108,0.0036808620547773008,-0.38230933056511507,-0.4723148017090138,-0.5677174285672498,-1.3620922385457415,-0.5231216087518934,0.8412472221587792,-1.1411849095865376,-0.5604669301082181,0.7040512518553976,0.2762173246237653,0.032476812074991035,-0.4011770302139582,-0.01513480396373306,0.20370472145405888,-0.6150990492077849
31,0.027433683579940953,0.14339058266391833,0.06112113121928919,-0.0867186199982235,0.1362197221572221,0.40748232901231674,0.4324220143771127,-0.5789771429590576,-0.00842619189714744,0.32970178349453017,-0.9589679425171225,0.22499261160448958,-0.5827258216374784,-1.0916774460124858,-0.6213133686568546,0.9493636525658329,-0.6895596972361706,-0.06731277350920706,0.19248824670378595,0.5207093972756471,2.046081369401882,0.6676999147262401,0.17319182710236347,0.7800232816625426,1.0390062872169883,0.011543009812903737,0.0342579925698695
32,-0.003341412381017659,1.5169093453796538,-0.0754256296715467,1.0738737576271031,0.7815475139869152,1.488120971891136,1.0786478945630826,0.2932802096068532,2.0968103246793572,-0.14107054011726505,-0.35768275835544344,0.194980249868207,0.2882094068590505,1.5628369967568134,0.3384752444124193,-0.25445354710370605,-1.0774845657121281,1.3381288215757925,0.93866870071404,0.43663291530726356,0.48091824899342916,0.5952566224868557,0.4534678899305823,1.8190984774223489,1.0973019577339254,-0.49360755038947035,0.06039371957299039
33,1.1010567396442488,1.0417729710038792,0.10655489278659636,1.5846355309802163,-0.029306763724341267,0.285015685528012,1.2852518195848315,-0.644059258591383,-0.8387669465437425,-0.5747460014639423,0.23492759833367838,-0.7632350179570307,-0.6790491333262039,0.6460907592777834,-1.0060863604053656,-1.160684855986501,-1.1332239282808083,-0.06020665992946683,-1.6398113200456763,-0.3708625536330062,-0.5357226523628484,0.30982578003211253,-0.5032993079391956,-0.23343243278921894,-0.5310319474462069,0.18967078907536603,1.5850000407385068
34,0.7730309434692529,-1.0035667766751297,-1.4494833574959216,0.18950459839610745,-0.48210835581711003,-1.3232273164214357,-1.6134631689254884,-1.6039911215272253,-2.9686141988485346,-2.2116512673790134,-3.4698002521952063,-3.1979663353771164,-3.7047540789876225,-3.273152293677996,-0.03942085587267298,0.5981658537885179,-0.20863383221810594,0.6868834477594021,0.24192852939605342,-0.3991945209926837,-1.5105172211317814,-0.36490962077290734,-0.9427582315525116,-1.9450538460301199,-1.11878293644137,-0.96545533500417,-2.819421837732711
35,-0.2748570386273861,0.6388690978314902,-1.3752305416339334,-0.010799473885910293,-0.1870480658975151,-0.5772835372578256,0.04891298769918073,1.05996952320385,1.3912131667193246,-0.02509907919427279,1.0347034021902488,0.3201133377532221,1.5608692170093867,1.058862611027647,-2.518792101116074,-1.5712344459529186,-1.5030561503118811,-1.3857938036479722,-0.8607797579570362,-2.3619340768926627,0.38857537623227756,-0.6912857736145737,1.0062281002817555,1.4030537686654205,0.8928577480631024,0.45421279354592176,-1.8223235214367595
36,-2.181291201789912,-0.2459777259688093,0.7726317891343785,0.7316525355642187,0.11150950283685104,0.5143259606271289,-0.4708289907406371,-0.6316312256813189,-0.5573079205582123,0.537038729590567,0.1292937722342439,-0.038303711306983845,0.07632817603520939,-0.34550673348688116,0.09625846865442733,0.3357863803620267,-0.1559036429598853,-0.8476637165567594,-0.4406327960312696,0.6409951004394423,0.8251539488693399,0.8638968793311169,-1.3852644248386228,-0.1678883556106987,0.3871045308836456,-0.13337138814248561,-2.78472160691017
37,1.8702204036237668,0.7221089082424027,0.05792045365494364,0.311667415772544,0.7888988301346633,0.1067039579584973,1.1712270452992222,0.3408825539782382,-0.07734459417493095,-0.8363257303580903,0.9612057160732728,0.5984099874518375,0.7077228600350738,0.7943270096776576,0.23929784990065278,-0.6486461133354794,0.16303414998665755,0.37545229873597796,0.2745582307969982,0.40594886198173463,-0.5359131644447169,-0.26744461640724115,-0.2573880552835265,0.8167749655855888,0.22918887378355002,0.7458469718700271,0.7509873630640944
38,0.671528438923687,-1.7500668853201211,-0.025039163105200934,,0.35510259257003357,,1.304854627849188,,-0.6051534820086674,,-1.1121576325832843,,-0.3186265408668393,,-0.9965068228993013,,-0.6422504914851428,,0.9110303902249677,,1.5566334926288308,,1.004795381509874,,0.16255124873688592,,-0.8535483355929565
39,0.5874905592632993,-0.5457610726403225,0.24281316574441308,0.6873688493275549,0.4479029932070541,-0.5630005742474706,-0.24341761498675457,0.38675606908282434,0.6354056048446184,-0.39155955637332107,-0.3160307801946533,0.053244590760377186,-0.8653655018931383,0.26112520158166524,0.23270826408519757,-0.6442865767844839,-1.5407676736210973,1.2141986359277608,0.34318873638053105,0.48613437545047056,0.9701909584076285,-1.6383939266198724,0.3103812299355396,0.5610298745723747,-0.20277960895803754,-0.16367307320905577,0.5747702568680741
40,1.5633324437464555,0.17165204075990642,0.5965780273477759,0.270241808753066,-0.8908662256182807,-0.5407535121431248,-0.5956758906030406,-0.6984689781866772,-1.1123832209319073,-0.8173976241658717,-2.1894524442381904,-0.018124721161268727,0.5679650732546704,-0.9040370902248722,1.0251614433468574,0.92640828382348,0.9437399440642391,1.10010118542858,1.822974209802639,1.3671229956128352,-1.1056436736450788,-0.5901856314805921,-0.8448585225886733,-0.21515027165891226,-0.11016036786848538,-1.0319755390838814,0.21291729608175028
41,-0.24552714551934823,1.505962676577836,-0.603294725968339,,-0.11650617601574065,,-1.0198215754485203,,-0.43756866186114834,,-0.685062313426944,,-1.0040101286241534,,0.7634093651648018,,-0.18390608073966863,,-0.5429920030540377,,0.8942251265964887,,1.2738677280781854,,0.4213795410529495,,0.8478884282829822
42,-2.472901077199108,-0.3736298119581297,-1.13878475124165,,-0.8866673007450716,,-0.45448292284008995,,-2.0751414857549113,,0.10284001425012401,,-1.3052186796596383,,-0.7712614409632481,,0.5389073740985486,,-0.0727730568330604,,-0.18039961865642568,,-0.8611391839115892,,-0.9714481320582843,,-0.8509908512890125
43,-0.8493585053635689,-0.9410986159247977,-1.054636382591273,-0.5440513375982121,-1.3740221725305979,-1.2284241263040705,-0.8398510076922869,0.14694360199502055,-0.11969873445191526,1.0734283758084349,1.1376719093089562,-0.36806289850204443,0.44667835362544855,-0.6594659670695147,0.947615007597445,0.5710012524973442,2.66704230150727,2.163137022226058,2.2169942670752314,0.634692070172348,-0.036808547060331376,1.0007301707957046,1.4473561448490568,1.1255313606471362,1.5609958105331723,1.181075544360501,1.699022205484209
44,-0.9226628233381274,-0.34151324671175265,-0.2303229186389787,0.05142804481989793,-0.7511084141583072,-1.7728767860209944,-0.4759514540227685,-0.9792139931436401,0.05217721121842747,0.40995156957048084,0.6946040463171865,-0.11633405586459744,-0.0022146577989621413,-0.01614964916563203,-1.7517552788853292,-0.7307643155541328,-1.420454620071057,0.3705141410658866,-1.5211831486757568,-1.778846694631783,0.23546262974687987,-0.1126841706366587,-0.16325418486244297,0.4807366353222433,0.24917371375637143,0.5113447667496533,-0.9000507622424735
45,0.48153288264214944,-0.048981709538682756,-0.8067435968237827,-0.8992978535403955,-0.30596368432820265,-0.4359095574890075,-0.37526092566016095,1.127587741732822,-1.322447944108715,-1.1500815970274383,-1.2079754790292654,-1.670109772696049,-1.2046095651822866,-1.0111804510618072,-0.9742661900521434,-1.181253361911594,-0.3866680918500217,-1.144642879857298,-1.1253063008378617,-2.0797394028543468,-0.47160376749150884,-1.7812138709268592,-1.3460360940274994,-1.383133886961497,-0.44058446393047174,-1.2109229188155661,-0.8214699733850546
46,0.566779558376787,1.5759843210992206,-0.44303716604230814,0.45347976746631813,-0.14635110777683064,-0.6326655169925534,-1.760055926752993,-0.9791933964379209,0.6796531784809374,0.40300807403814387,-0.3882761719582548,-1.0120050527695625,0.5838797104914079,-0.3840177379890148,0.9878328453379938,-0.5481531554736887,1.5568901842954113,0.9992860027186881,1.8377840704410089,0.7011162082944042,0.6345542155673263,0.6195862970018178,-0.671266596565533,1.0212320283779872,0.19188611020954607,-0.9704542750306238,-1.8243929904431808
47,-1.0847971182310674,-0.7600406142376644,-0.04311918087912506,-0.3509075174674155,0.9424475118915647,-0.9647002817773771,0.15261561461704076,0.5627489755402968,-0.5796770204958278,-0.17947961499092407,-0.9199155292417316,-1.2154785604962755,-1.1173032076707263,-1.7428382686729733,-1.28242740376888,0.4343346164662874,-0.8054809787719619,0.9643294796273247,-0.32787303661610945,-0.8443393335984788,-0.09471529032294435,-2.256496587095442,-0.6707634105333953,-0.013990839064962707,-0.6124154296272531,-0.43916126633343433,-0.2737878850837347
48,0.7852794863032265,-1.102952402467007,0.01410199795253747,-1.0755438658523033,1.7396796998381967,-0.10684269494704918,-0.27115403604614546,-0.7871265874725758,-0.8247488668739378,0.29278760742596033,-0.2857976309309551,-1.9143230008001202,-0.37174814952621416,-1.4701920981529393,-0.8323636260772262,-1.214881599527071,-0.5160353618443074,0.1731559410498865,-1.0761935224194534,-0.26523566749886945,0.5403094175703687,-0.44536025298948045,0.9248558468651005,-0.2808738365927866,0.3216732425841277,0.36423829804065294,0.14474646440366565
49,0.21489998473680713,0.6099418247480335,1.6814639684627926,0.9251738058156813,-0.3274460303945823,-0.551415471836083,0.9855056815261396,0.27472719946767155,0.39994185817522365,0.7893864650024092,0.4313678897349551,1.4659439434886157,0.38736985194258144,-0.12008474652907598,0.9231158770046428,0.5424268150597701,0.8114284858354827,-0.8664656477661248,2.2724171687853403,1.3103691406638673,2.2294186149929076,-0.2236044972648265,1.1138686896900674,1.612738082830314,1.3874706581856784,-0.016015833907317256,0.6446674705095604
50,1.086167801075754,2.5159186329777836,-0.25041511549698403,0.2628569366966926,-0.02659919781390102,-1.1657754818464818,-1.082607220221195,0.4391449025512766,0.714971280379481,-0.7853005231220409,0.1539411055966146,-0.6116156398370249,0.2916238223818369,1.83966029912732,0.43387201165126643,0.5630517453560525,-1.0509737074936678,-1.3647860305738273,-0.5185168589630265,0.3524560792536086,-1.2955724791824748,-2.2821840792135433,0.566933598351378,-1.4811425074454307,-0.015436868940703175,-0.5984478789747444,0.7258816689690786
51,-0.34810422262453,-0.6638852402984802,0.18804231138357808,1.2530551562385828,0.4852927987112859,1.869895121711076,0.8042480160170125,2.0377262450781677,-1.3800642272423442,-1.163338445755614,-0.42535903002501363,-1.5798382650436569,-0.730832530368065,0.4983803156796586,0.9182117770796756,-0.20712458994227662,0.7877170434177239,0.9320018551891343,0.13170780052038944,-0.34501360327899766,-0.11055644446113516,0.5543748258846535,-0.651895246778111,-1.8382416810734796,0.002268053374835155,-0.20930196257082542,1.4046969477486777
52,-0.5717779699511357,0.7688207883556426,-0.19835200966248479,-1.2806712986105944,-1.055173950106463,-1.487627969350239,-0.831447213442596,-0.705722543650017,-1.0051324908671857,0.507975208487563,-1.120367978390679,0.28247461113158,-0.9133206375767302,-0.008246575194855332,-1.6715413089256619,-1.7789141572781948,-1.5923091458693261,-2.332035335437349,-1.5558537709441886,-1.8710205174336862,-1.6607262866107237,-0.804409764204923,-1.0211980608764828,-0.7063144398199414,-0.04633497965048357,-0.5632248031173932,-0.9500469381594028
53,0.42034710123340396,0.5731784457876953,0.5503634357849017,-0.8001937154854664,-0.30092057129548205,-0.020743604183072223,0.10674447321282055,-0.12348543544087365,-0.26156624448477483,-0.38792011787016656,0.5190960560697813,0.9563639395025703,0.5685405386584229,-0.0671108850577796,0.12726131620040979,1.1811009202968914,0.34449425978012826,-0.22864296855770905,1.0934682724340101,-0.20433814618761237,-2.6178656589637703,-1.9378751990864218,-0.7944878176809487,-0.8351674355540213,-1.5330590468911236,-1.7118248182937013,0.7725036727918086
54,0.040053483482253426,0.9259902039514234,-0.005730355265199216,0.3459736587877426,0.08949318964535707,0.4416663341560174,0.9367268607770745,1.1324208151663582,1.7410402925171158,0.08717771195362772,0.11204038750936018,0.17390854225252061,1.3366981163429554,0.030177991598726472,0.3974018543235283,-0.45294729714089293,-1.440855362940549,-0.7814497368542405,-0.7455231919725882,-0.7635990345096965,-0.011212407074889852,0.5218844780357239,-0.7166791476742828,0.03354460727097486,0.3097137049279517,1.156641978511324,1.9466152112561845
55,-0.9835827110902763,-0.47849627630051755,-0.9322482876758684,0.05474630675214967,-0.9025470544888631,-1.311144679820118,-1.80648929924208,-2.942955108461563,0.09578444740631219,1.135065672278269,1.1405832976465577,-0.4952352755805137,-0.14809736292703146,-0.6970540067064772,-0.05973757796021334,0.32274058181589027,-0.6764058706872411,-1.036688251322699,-0.7858085520864961,-1.020754072257108,0.8601707500927808,0.698316314169899,-0.4878963296578822,-0.1838352109982218,0.8820126012284041,1.1202181478929172,0.611650110639297
56,-1.6249319548215593,0.602066392877163,-0.22694249155585017,1.0274831773669353,0.04600651478535922,-1.487002387448585,0.28421780749821546,0.3305176905668351,0.16764148213038266,0.9274127787257376,-0.34887990081774345,1.3759067327625316,1.3625283364897216,0.8938972684290394,0.7032194224649378,0.29749216297900516,-0.02274386584914856,-0.0976859790714692,-0.4883867544407814,0.09908480889108101,-0.09770146298517352,-0.9270182912453835,0.07314202324602015,-0.7930098056741887,-1.4548869380029432,0.5594896979374488,0.6965635096958988
57,-0.30310699110852507,-1.7327211243634932,0.9960063562521667,0.3481155040726635,0.761906913815788,0.1882347664915538,0.22419493448043726,0.9288107543907944,-0.5129568912210395,0.7932086304094854,-0.7394127254297141,0.30707346632839955,0.3091191835673016,0.5750253550484865,0.7309567169832134,0.365014670465568,-0.22739196678063944,0.8366421771885372,0.8281988277684763,1.683645196951801,2.481711398191766,1.8610925925185133,1.0677311807008627,1.230407507990685,1.854009945027622,3.491094253287419,-0.75823519814157
58,0.918647888467544,1.8679369225472144,0.7223110539600692,2.2366961042493543,0.1274345499297609,2.0520799697069467,1.8613372980079252,1.360780522774554,0.45578215471225475,0.45156590328160834,1.0635075601402906,1.9855541516264796,0.024458430283207266,0.5740841362035949,-2.016124261583121,-1.0471874078844534,0.1265223196181705,-1.0563564595621915,-0.46668224399359043,0.6467232704076178,1.5711295156888718,1.4121943117137747,1.4095918458148382,1.0848090198646725,0.8683799955357112,-0.021307528488815494,1.655404328157343
59,0.41279699295808764,-0.2707347698150633,-0.7460708878629474,-0.003940981255366682,-0.610175370548221,-0.5984286504821406,-0.911427190667162,-0.2322028110851564,0.1547318095521657,-2.010360219400274,0.15115462789275014,-2.326682654469164,-0.5587141989162409,0.01277328503802072,-0.706572751957335,0.3886218436377567,0.8096414301611753,0.38487666916029883,0.6628927465943976,0.052424837587074946,0.06719866329389454,-0.13722914148845128,0.2021440581665423,0.39346372045647016,-0.6787579800135017,-0.33413836059911356,-1.047107958691617
60,0.4288598014007495,-1.1428653183084214,0.19574852549855626,0.8393957533805542,-0.9454264881573994,0.02779065623969923,-0.12190823542764906,0.22822557878802566,0.19289931111722905,1.1245193629011956,-0.6485504999219196,-0.05764734565975277,-0.04279550893254824,-0.14415779146662727,0.3435548153140852,0.06837083072439715,0.17997146088076826,-2.1850969235458257,-0.4512924353306076,-0.7297665107026048,-0.9191509552218359,0.2419038332591045,-0.41605684767174417,-2.1988421477826896,-0.4923352024631201,-0.3524689482918764,1.876162338757758
61,-0.6352036484122946,-0.9704804197805089,0.7225055352725329,1.1695228678194822,0.3556045121656082,0.21730343083373327,-0.11111881957603414,0.9642467534631178,-2.275431525987217,0.005320521399741818,-1.657911844704914,-1.7036189729567957,-0.5120701933844986,-0.3975841692515148,-0.990875489418528,-1.7606282112943057,-0.8243338344916092,-1.017519713763583,-1.2657371669344097,-0.8382622903447436,-1.5630961656855142,-0.6441015866471016,-1.791590203177753,-1.894958841257727,-1.167988282074221,-1.1440827576845243,-0.4238747714637254
62,0.43902791469894215,0.515098789139924,1.11630540429067,1.1676087336613314,1.7886241837937316,0.924371060795016,1.7075059047363377,-0.39869193167631445,0.0982776896473776,0.01068794913238369,1.1051649536953496,0.7863028357800389,1.3586043192445274,1.6970284920827163,0.42431387696470235,1.9043288401847551,2.291546331500772,0.3515203615193815,1.5568687079847043,3.1458318162176653,-0.4628191719275876,0.42386811273610114,0.3740248638073673,-0.060083802113318346,-0.03372632782279128,-0.2522931195472952,-0.4117719103785378
63,-1.0285183312245074,1.9284976611051605,-0.6898201359941171,-1.24250482017922,-2.5828226776063845,0.06850348940513684,-0.38786608091725583,-1.0551614222678845,-0.9564247618397547,0.7058256608949618,-0.38353299530889534,-0.38209533051213673,0.39987568779442506,-0.23193363887494614,-0.008046062560911615,1.052397242421847,-0.3934033576361351,0.44621431139791146,-0.39307146206425103,0.30920858403511287,-0.06681481097577047,-0.49750412694960877,-0.16380494547969238,0.23034286345072014,0.1689543643364692,-0.4886249801318332,-0.9393755793936202
64,1.5471055020030673,-1.4688848442900606,-0.8182433532961269,-0.0818162542010088,0.8735648535558753,1.0532559409616695,0.5775673802836923,0.26033608490083093,1.197272790681688,-0.0596903080800249,0.9376367805846109,0.5970301514158285,-0.2419695907195374,0.8895886772759998,-0.5593178581285938,0.09686404736479998,1.3000325417682086,-0.1871219341275941,0.4684442476991797,-0.4521550779600895,-0.7245668491480948,-0.1948560992467079,-0.4356029054985411,-0.5890620094822003,-0.5002249996182644,-0.9738441764516461,-0.42706656308194924
65,-1.590560716138036,-0.07886240348627856,-1.58740032432677,0.558973559580321,-0.12932441429130537,-0.4458532263405086,-0.9729486762235224,-1.7834630276466739,-1.091560892843333,0.41123688205524445,0.33756201628275706,0.4405232916424056,0.22792121573802415,0.5428367377820796,-0.444801017743537,-0.8266804456242187,-1.3671167224050251,0.9895167146846257,-0.08853044924910669,0.15691047994498614,1.5084408171492283,0.04647585621680239,1.1867076307465005,-1.9454772041368393,0.7202773704070652,-0.009449725396645792,-0.23273561157512096
66,-0.6411073797713107,0.7610563125498132,0.0447079969813069,,-0.5225862158294639,,-0.7727681181395035,,-0.032607736154330214,,-0.1568962426136764,,-0.9659694071503401,,0.7682928470138696,,0.6336716617515635,,0.22156560550793658,,-0.7642457441711238,,-1.1019966792660618,,-0.9382548273974184,,0.41645745063870443
67,0.1910358986527141,0.5485338480285057,-1.3175854723718083,-0.2694466509776641,0.024364093356685455,-2.023026298151725,-0.5422170879756071,-0.1406484144019546,1.114263579737785,-0.14376855782987183,-0.15022836972319265,-0.6745251394241953,0.39405155944822645,0.21228380096047508,-1.049477443417372,0.5065271567155443,-1.1482295473954913,-0.5493581350811159,-0.9027844031711809,0.7998223305083081,1.3990952409212447,1.4021043151597619,1.2480680651992513,1.0986624483420158,1.8443690128822254,0.749022027255486,0.052141752638078104
68,1.2353762772876895,-1.0349246397682812,-0.33505959926009554,,1.0798396178961096,,-0.6695493259757702,,0.6938271804299796,,2.4959664347780475,,1.5214163102057354,,1.2356728498085892,,1.817563610389449,,1.7520693944175452,,-1.6994932547149326,,-1.3014342948526882,,-1.0104181157907866,,1.9521364499444576
69,-1.301967709992333,1.1804048903002107,1.6002306076073545,2.6401794810225176,1.7818599190633233,1.8996729637685679,1.9776651762452349,1.5134022807909457,0.5455012841270632,0.7601628699991994,0.30761875604943556,-0.8181593838090547,0.6159949902418806,-0.3137803779270948,1.904907803831708,0.2447557068741324,0.730398536637212,2.766695963042075,1.5887468815562626,1.9122809146170487,-0.8215620136285549,-0.9450734732574745,-0.024378992222811757,0.3854292089515797,1.0654193601321442,0.21110430965282,1.9211948096037847
70,0.2180256918375897,-0.4368877155256637,-1.4932320968541155,0.011781269341373746,-0.9954367260837307,0.5214176867107042,0.08967410072635243,0.22899304317872068,-0.4451897245857108,-0.6886599296552358,-1.0806923418300707,-0.2574878394316631,-1.1309254245897924,-1.5267640200639403,0.1657272731255235,0.19749158125301225,-1.2078074290010508,-0.10078319320442827,-2.1731426820424486,-0.19318630559653271,0.5343610628921707,0.05939330542038834,-0.04257513225595533,0.3819041897057478,-0.5442907063665914,0.9865940087103688,0.11156201419842315
71,-2.827518454089788,0.02916297616044241,2.042321693984378,-0.6600968326497799,1.9972560292583403,1.579559133805603,1.4048742858625385,0.8929483921038721,0.48649306870815345,-0.1263145739000295,-0.7990379082992438,0.2598549991350355,0.13311269060692216,0.7966258018455277,1.1756256853799265,1.4425304042565288,1.4780055378724881,-0.0008358143772360105,3.0991257401307024,0.9947044803840029,-1.0882994522874538,-1.4259997527759283,-1.4451460027517589,-0.6670401969349795,-1.7359247126871649,-1.2084246794490876,1.0164243109375486
72,0.15575891962012495,-0.48953113471011594,-0.9347345449024081,0.6802015951856297,-0.23098170850322525,-0.35010935076629157,0.2230319772039956,0.0602021550318462,-1.6373483133832998,-0.7128305423699479,-0.5725536724076986,-1.9839833250009362,-0.09509984403447258,1.1093392980814178,1.3478472105191959,1.0334130708502633,1.577894224711366,1.514750701498259,-0.2601836232171002,1.166404216478118,-1.046931697835253,1.1311960880719727,-0.4415618787205886,-0.4322679853352984,-0.7898571931324861,1.124035259369532,-1.2900527965928283
73,-0.4818091590507534,1.268208454570375,-0.611221638238127,,-0.43646779386053286,,0.20107522705074948,,-0.5367297766196726,,-0.3314352377450059,,-0.8535974917455781,,1.2455823290090027,,0.5893313543021911,,-0.20408022463040806,,0.13082738087481782,,0.5175403297092601,,1.3733994203819622,,0.42522613495450184
74,0.12407360788838835,-0.027576368169233707,0.19250739700014802,0.24625402885381859,1.0924983374306547,0.876995248042424,0.7774484479324772,0.706684780729028,0.8497162785447399,0.07459093884036364,-0.6402380307829599,0.2241988999493953,-0.2738429714900745,0.5841608726390908,0.72230966913831,-1.6977887572136139,-0.6113826254109,-0.4109524625807393,0.6093237927069381,-0.8912427239780125,0.4720937396174404,0.7970707812108617,-0.5725643478369185,1.8473248052739515,0.9084129636888674,0.24118612631023972,1.011650517428751
75,0.7284052393644234,1.0082673862342835,-0.10578304861754917,0.5116372460006564,-0.394896398550188,-1.1296639788486043,0.5615298963948037,-0.48876975059525185,0.3006428148458783,1.54277014842414,1.0559823439125335,0.5481278145839465,0.8547962009961767,1.155560456891376,0.05846926793897689,1.2966308421395223,0.10737807374559183,0.8448066511274471,1.0869509457771074,0.7014963347762662,1.7793395130729204,0.9668059605429441,0.08263675032653617,0.12100110080019738,0.8421593163180872,1.3812200420551153,0.4187372248322018
76,-0.8784751097639377,0.6496732427496622,1.6278430726341915,1.3860809501763645,1.542639489837725,0.17724929822123883,0.7683938712717808,0.22421254000721808,-0.26976014376821555,0.03195292515410075,0.0054563916859615424,0.40401932603219387,-0.05637066058494132,-0.6756734043136503,1.9289341384252447,1.360925574804103,2.2250753057167123,0.2749004330056287,2.4646795727123174,0.21240086450650364,1.1739221574505128,0.25891548753126625,-0.02651160095853633,0.4432904279465482,-0.12784932329608611,-0.21673889729609602,1.7478031071599476
77,-0.056007351079866007,0.8304593474859705,-0.8098703795925566,,0.45935461961658863,,-0.3955187830770116,,-0.016708672454181173,,-0.608073479666354,,-0.39151033431945126,,-0.06165645440997661,,0.4360090154113021,,-0.3988135849375598,,-1.0957359936183881,,-2.495784888193631,,-1.9137470602923656,,0.8434489877752789
78,-1.5999016036216462,1.0008350515066613,0.6359368294180407,1.6009898441988994,1.3728545160519967,1.0986468975076955,0.814390670391027,0.016913442755809527,1.2123040104104792,0.4876108864133396,0.5258463237927622,0.057378354069099524,0.21383648641158276,1.4324431477691757,1.147595860596155,1.157571860723085,0.28238111107964947,0.4729030220942169,0.19140062020843018,-0.7575342828061318,-0.44075179602902204,-0.06528076675743702,0.18672449503347727,-0.6405937042082424,-0.3007885357286273,-0.5722101465937219,0.30479041264724377
79,-1.1694807443974142,-0.34801209503972685,-0.5520917191530567,0.7478552009062855,1.2723342033357599,-0.9151437171887817,-0.8380846065467814,0.48497857214726325,-0.4356508911468049,1.0705303089178089,1.080745763126527,-0.03500653791315653,0.2305485115458547,0.1432645030556681,-0.3438697979765874,-0.6549680905966153,1.0375582372474357,0.45123240140336485,-0.809452267512784,0.7419386625484562,0.8522993720167131,-0.17140986465115848,1.1087675647805808,0.8964927403821884,2.1297764958423975,1.9992592346471776,0.014135047551514845
80,0.4303565549209316,-1.5577380704523047,0.27121077040861213,1.1027903343938257,0.16153782196969502,0.7234346127417466,-0.8309882406565613,0.9377646814440423,0.5027476996898189,1.1614225763467758,0.5291471998086461,1.2349693216387236,-0.49168227469253223,-0.41096785466478297,-0.22980926677132163,1.1920222291088602,-0.8387442376826988,-0.46216052922159934,-0.9592048294324167,0.48528730107244944,0.489708282679412,0.6628228805397022,-0.7564602051989737,0.6414699709201893,0.5309136968592927,-0.638403242661219,-0.2763009628636558
81,-1.1652412827830463,-1.7868264654155361,1.3632442011952468,,2.0160147732449007,,0.5615040131541124,,1.046132165919277,,1.2475223346428477,,1.5043827855096903,,0.2238658593524434,,-0.20873869418298285,,0.7906794079021978,,0.4281589006227751,,0.12415774335892607,,-2.012737867229118,,1.3869443496483431
82,-1.1665093925237775,-1.8257727568774933,-1.0648131190405108,-0.14775102711206542,-1.409514851573789,-1.6678372751746593,-1.147860705446811,-0.29779484513570165,0.6884921022714938,0.8976140845344758,1.0688969682540619,1.215966770674549,0.6068546137551427,0.10480832365961415,-0.10730650033947917,1.7921609824335833,-0.789225762721567,0.7666661034907905,0.5078304404807912,-0.9188999360447048,1.6772719648148184,0.015363139856551689,0.7058833589934583,2.5037825589537874,1.3530441422658548,-0.10907459845294287,0.9454378705017428
83,-1.5548410955949397,1.0252529561560872,0.8228602128517525,0.2826789369237251,0.45002033983104284,1.4300741223677118,-0.006303006572562442,1.1364149287195189,-0.561167907115632,0.22432795032566466,0.8651461812125102,-0.1839732879281495,0.3820022871564881,-0.21903738365201686,-0.016932114529843112,0.061971178148617384,-0.18404715166086164,-0.6407637175154478,0.5371970954583773,-0.20856866853561895,1.2525727961383992,-0.8037119045799226,1.4482115820386978,0.047550471559950735,1.8979673838596822,0.6144832882196166,1.6115057700640683
84,0.8183810444365877,-1.3979122535345534,-0.06773957836473027,-1.2626163107625408,0.42738546215473416,0.1974467749421787,-0.8141849401500201,1.4376492170563835,0.07769917909830404,-0.8900382716573869,-0.3521141994397985,-0.37648368183984277,-0.8045957396709192,1.387089510146833,-1.4881763545979205,0.16513176381917094,-2.2555339478589924,-0.9916358364931249,-1.2664282088130165,-1.6062997618471293,-0.14144213257332172,-2.017444168583794,-0.6632356080711074,-0.31404096694029726,-0.5584198342014348,-0.9121015633185666,1.0593712904877315
85,-1.1676750189061833,-0.23348774828046917,0.5199622465490082,-0.6048592927582046,1.1260266203046958,-0.2985230118148643,0.16657577198133772,0.7373786076791349,0.7495574854485172,0.5441378968545735,0.39529755700128766,1.1017557365915152,-0.3282229135533675,-1.1257656858719007,0.14602760381598878,-0.3497280111118564,2.426842001915261,0.871358229113888,1.0165516966471784,0.2590452187982636,-1.661195601411074,-0.614190200770763,-1.6959321017424287,-0.4210317277183114,-1.426320685570036,-0.08693625634767588,1.4519398335386238
86,-1.0051996320308023,-1.5326623917775142,-0.9835247892032332,-1.081422840406526,-0.6370399509972063,-0.4772185707865847,0.8579024594117073,1.1397671989782896,0.9814806932364147,1.0343515144966584,0.2760188969791476,0.9898158978334999,0.499485182136859,1.964894645704328,1.8556262610655165,1.5873411983565142,2.756196939178659,1.517558622275531,1.7996915110249212,1.8659462888842095,0.1735996257514362,0.8840340092399701,-0.627648760953511,0.24308381082612524,-0.10739534680444174,1.3102226351621526,2.64696624129806
87,0.24049939810636553,-0.8139511465137778,0.5273362996690582,,0.30346067044534747,,1.0484829457317373,,1.4101372454931602,,1.914381880665334,,0.8329033174004132,,0.7453644923283498,,-0.7880308186987263,,0.809851220778962,,-1.4801939146518475,,-1.201600938540548,,-0.6371636984616371,,0.5907264835839774
88,0.12313802807080561,-1.5015628699524393,-1.0503646083557847,,1.6477343665315822,,-0.115478028429578,,-1.1269554488485543,,-0.5125537270578426,,-0.9886746059263398,,1.4799226859984416,,0.2624499026140441,,0.06542305645445307,,-0.3406011113362687,,-0.21498795644253912,,-0.7812257985809961,,0.2092515224603011
89,2.519333113582702,-0.8728833002588821,1.631752731852398,0.75020860065971,0.11592381351037695,1.1832998666024783,1.8492069562857294,1.0223462851398069,1.0504391502897723,-0.4738281356961055,-1.0180369505710132,0.22343763206830716,-0.5819914077629585,1.778390247965331,-0.7255994388890575,0.3718496188381756,-0.10610848513726923,-0.9791163788718054,-1.5463176981080855,-1.6882981282700524,-1.8744735672883799,-2.1668126270666654,-0.2154128146415879,0.08171936666737223,-2.125937153107036,-2.362945246180577,-0.8898144336943906
90,-2.1479681473653587,-1.0759926487448281,0.9633458347945169,2.1288409157656014,0.06774353455552262,1.111781926369506,1.1363853191372422,0.28179813769648,-1.2595597161630556,-0.2188065074017776,0.026856210874631192,-0.08571922387909453,0.2392605674272923,-0.43825740931509083,1.491262366638919,1.0595394504986086,0.33582535203286124,0.30938911745894915,0.9479005678054186,0.3189512573994393,1.4346501450482634,1.7067880291361888,0.9282873643667318,1.0152756519713355,1.0722131027883968,0.21454277757461826,1.07970765234426
91,-0.9107365311678239,-0.3560759891379261,0.1288511136888122,-0.8504293458290824,0.3312991699360552,-0.5860429630714423,-0.047529888284035815,-1.296230422947254,-0.11800940172407182,0.857650653823389,1.0850578363311985,0.6611064853528006,0.8404147526470473,0.27679159401574094,0.9587293175192307,0.8554931654105495,1.184472390402905,1.5835761137611848,0.29134387252120697,2.330635925033365,1.0482845514518364,0.7088904014324877,0.6774396495718904,-0.126194094137375,0.6044375192382092,1.3009722586822576,-0.5295827980087316
92,0.3247606857313804,0.40061834380560324,-1.5753049358756954,0.39815725545571207,-0.5150671025197113,0.32057204125298844,-0.3817614210348045,0.942069898005505,-1.0768084356341003,-0.7557558185630119,-0.7504089491533228,-0.6890917488554795,0.06690215676414263,-0.736238603751068,0.9552405145797466,0.44662826737826933,0.8383315091197975,0.9461390380468706,0.3174621320846259,0.4591338450202892,-0.6039872477350935,0.19604045425594396,0.796608731268,0.039393017964142685,0.344707697369155,0.18167365907810973,-0.27675389186101645
93,-0.4680059972077833,0.7209315845170681,2.044466456990953,2.159724991925825,0.6125758968080592,0.6148976035983225,0.8699715334167887,1.226849913100022,1.075014784685779,0.2323494325802689,2.631408927700202,0.8152201611016721,0.7722145848777504,0.8937542945676076,1.0051115607389896,0.7041991710332786,0.5004391377127777,1.1106152196853383,-0.12156598985813127,0.4997640455446857,-1.0385112592919403,-0.1675583866907096,-0.4684603190629051,0.9122523944100267,-0.9533025594501988,-0.49128176840237875,2.909887284523025
94,-1.3739132591981118,-1.7895440261999738,-0.17503094183674853,-0.0800025810097942,-0.015146127644944708,0.47513540000427573,1.2551161333510523,0.9589164382361389,-2.219623047029467,-0.5082525170955776,-0.7502999495368684,0.2528431412403413,-0.15297127419653797,-1.516639489004044,1.0670930611150289,1.158367083940874,-0.12877923923535095,1.089166721700549,-0.2289053413723099,0.14805600391649473,-0.4645779848083158,-1.0916077465788327,-0.31242233146865755,0.030153568425649008,-0.5507368432004232,-0.3608342177874083,0.2211605812074927
95,0.9382218933640902,-0.7488028075235749,-0.3786139356205721,-1.0090912847868747,0.012650667581674269,1.3667396020856808,0.3905034808293282,-0.8377277412319862,-0.8318135180206969,-0.3820900974769244,-1.6773463392569572,-1.0845444860350537,-0.17496257807163185,-0.16811426921458372,0.2187074780225738,-1.1218056236021146,-0.6566137539049207,-0.6896769399347321,-0.1400311192926494,0.16136789665250464,1.3491548362128498,0.3146297034543877,0.8057098798790119,0.014663614648302348,0.13051395300075924,-0.13819121047476768,-0.7430421715374534
96,0.15152614792887062,0.7112849040809981,-0.0906758921841993,1.80965025835546,-0.006118674491433773,0.5006713795073672,0.9701087017670644,0.298321384435427,2.0837660424197395,1.5061602724601006,1.7961791125046553,1.3850233931597775,1.4123687590024834,1.6409323341003397,0.27091115595995563,-1.548216680964818,-0.030615156215919953,1.4099182413539804,-0.7555451989082986,1.0492606182435091,0.8657352275758575,0.3925593164161192,0.9914912546592946,-0.6378933173670163,0.2339473517898445,1.287097773109061,0.912358287151608
97,-0.678604954238973,-0.3260634783377162,0.9687759759813296,,0.9596231998187892,,1.8846050907343752,,-0.3150309746151881,,-0.18559265868756503,,-0.7770538806146674,,-0.25549696794704413,,-2.3796121002470643,,-1.2551285287954372,,-0.736422345617208,,1.078920830795087,,-0.36492661368018153,,-0.05953724339309971
98,0.08423032907858366,0.5690083629385074,1.0433800151802335,0.500603211519398,1.3512526349335738,1.1471163541033431,1.1737160740120727,2.5654598622403055,-0.6990475314476117,-0.7295397168310238,-0.2696086427462132,-0.9112763811189428,-1.834417776646575,-0.30486153831886414,-0.8626186951670546,-0.7273533081805964,-0.4342700759982152,-0.038153330561270016,-1.9228052358006482,-0.9911461885119102,-0.6192116368064997,-0.5110243979629182,-1.5573370974479452,-1.7160453613887041,-1.1018885574984467,-0.7060635523394985,0.7036828782848887
99,-0.6897193700808543,1.958800710043913,-2.132518433952422,-0.22532765815570754,-1.7014953306936984,-0.9017884563400848,-1.1805367569683085,-1.0701631911318112,-1.0155893000641187,-1.0748831016324996,-1.4206244441044442,-1.069776695439636,-2.0947447593094735,-1.3111486034914197,-2.849888490424726,-2.111176984509305,-1.5696987519709964,-1.2804609290221132,-3.2676648535323616,-1.5072731143876659,0.2502214664750637,0.593872462447565,-0.05292387001470239,-0.5342165752628276,0.7254677987481337,-0.8668116292780903,0.6083132088964547
100,-1.3077811603479403,0.6211110429095057,0.9010612726577498,-0.05358464455755757,0.4975428315760337,0.6622504231479318,0.41809101889732725,-0.37133109991751745,0.3623030285813122,1.5177128853051598,1.1729418763335504,0.7880114770214568,1.8148276296738377,0.553663533055874,3.1290497261430406,1.2471783053256726,2.387084035922279,0.7130391922981844,1.2486698703558066,0.8670211913522292,0.729001793808408,-0.957854213965188,-0.6242495818819148,-0.9959966608564691,-0.6913974561131303,-0.3754360781882535,0.2742250081529697
101,0.41896069254693075,-0.03540023399669367,-0.64945304255904,-0.7356808885420193,-1.1889879653637445,-1.7484929012442394,-2.070240160270484,-0.45212619178178937,0.7948689825758573,1.2822089259892278,1.746552017412995,-1.4954477140404778,0.9926652166700011,1.8269310123917388,0.38935899681329167,0.24140475834385877,0.13288892868532384,1.1896025342938192,0.38745646174805026,1.0563875669420981,-1.1130747308148723,-0.5312834914592249,-2.0019585955063492,-2.2184730771448056,-1.3163914242562884,0.2796698831255883,-1.5264527421921978
102,0.15827889001468953,-0.20273871638545385,-1.2517786820371377,-2.0814946010979596,-2.598006721460984,-0.8659200708536862,-2.5852004422685724,-1.4800869506118408,-0.9392666822651057,-1.1339024746035864,-1.6296042646626292,-0.6646569325821661,-1.8808479991216585,1.2950762040685124,-0.3770163808372418,-0.6991204430230118,0.30662731199106275,-1.3117730361001818,-0.253453247462353,0.17892195562689764,-0.059795917734213444,-1.948329507035123,-0.86148980583598,-0.4104552749699074,-0.6386185682474866,-1.484897241117129,-1.7723641574249036
103,0.34461700802689266,-0.9110703848563203,1.1537949379334858,,-0.4337674998161785,,-0.8914875738012551,,0.23381836824311442,,0.28025936670893276,,-0.44763282898009815,,1.6907720326056856,,1.3373213845961345,,1.1480002129423226,,0.4602013938083387,,0.34968453358442675,,1.5246989534125515,,2.5988328552384927
104,-2.0956416576973393,-1.826461158757227,-0.05167065767153308,-0.8422777183473126,-0.03963668072982093,0.5660863247631344,-0.08392716392217688,-0.5163595639009688,-0.29696151832419193,0.20080045544613045,-0.7679747465344495,-0.5166109003922772,-0.9025639677165298,-0.7823068703411491,1.3900265059773538,0.2306424253837262,1.461039680629739,0.0542460776943583,1.9194633631615763,0.5838454202483929,-1.4510668976397127,0.32044723273498016,-1.4306576120512147,0.4028602909624599,-0.47511741019288645,-0.6905176641606825,1.799674171459521
105,-0.9166645150560861,-1.8344948259622553,-1.145003911705386,,-0.034983142888071805,,0.4315644769307784,,1.355978045298896,,0.9825950276997464,,-0.5055358289556577,,0.2875445687323877,,0.4494494776498084,,0.6940519767847805,,0.1629557995873885,,0.25173664400335927,,1.0078106546934698,,-0.2081051301433977
106,0.6295955723957222,0.4035729471695152,0.8589332026207789,,0.4268141435472621,,0.4260983431164471,,0.9449323774139564,,-0.670742842060934,,-0.7395906343822602,,0.26831386008030444,,1.138673203116825,,0.8167585147756081,,0.7843385877571323,,1.61952074303385,,-0.3993153309195281,,1.2540084332617536
107,0.7091416913398733,-0.0742065820649029,-0.4999534823801304,-0.5311606199449438,-0.7058654190763343,-0.4844520855802071,-0.024598682592780474,-0.013949010232910704,0.46076766898514665,0.5242489963723816,0.364871613735846,0.7753354042936369,0.5483154719990182,1.08732278876314,-2.074171809035027,-1.1853509664951853,-1.4176836059818367,-0.9700369144917873,-1.3643501435969194,-1.3931623300336418,1.2080734941923053,0.6709366118365561,0.4506087764993429,0.3226352467989466,-0.2746171486063742,-0.03383953469662132,-0.3191466337384032
108,-0.54134388596031,0.4133374110952931,0.38264354777612386,,-0.5175771123647667,,-0.586470080944095,,-0.4183807929995514,,0.3045665548260102,,-0.24459746878219757,,-0.9473287310008607,,-0.9208077875343492,,0.982201806326234,,-0.2060148098418334,,-0.11808209313473197,,-0.03699535947543725,,-3.063707961247327
109,-0.6275111103599723,0.6729734610389745,1.2850369642394504,,0.84376353939363,,0.7767210849504316,,-0.08005040451149681,,0.5858698131496607,,-0.06170576489398438,,0.04425863131452512,,0.7066223775841832,,1.1278717743754703,,-0.7560535248885125,,-0.9718367087501267,,0.18632659085210346,,0.17173562889369132
110,0.03542834838337608,-0.5119603098042315,1.0498713503900174,-1.1727893629392834,-0.31457864692761894,-0.22547924754559662,0.5735936709190658,-0.5389276086559962,-1.4386009409877187,0.31260717843064084,-1.7358828562892605,0.38045321600517934,-0.040822349190241636,-0.42605862121318105,-0.6198370589172318,1.253036830909952,0.9632710604569175,-0.5023465873200853,1.0147460954232719,-1.0928702190444968,0.007559327441231681,-0.23483219847972617,-1.3567382558060062,1.0400892257022432,0.936619887745652,0.4625811833101461,0.4918099252597232
111,1.5635738495159393,-1.0282899289827638,0.07935030238151738,1.459504263993567,0.3183041394044272,-1.0478136717834299,-0.6490180787095953,-1.6527868487832147,0.025552517680466014,0.24527281628203945,0.72288341645244,0.09673115936034404,1.8124277884743238,0.049789928063079164,-0.06957201547147529,0.8767277948136654,0.28424238934348345,-0.23557078188298042,-0.4237065099668918,1.2250859526230096,0.7165104300953823,0.6269669895164558,0.49117865492535967,-0.033909717374306064,1.1250492317034775,0.5139983838579548,0.3857841676354468
112,0.9312547649357208,-0.34749843758998206,-0.48775290923046316,-0.3992884342942493,0.024848548100232848,-0.7275475303467814,-1.1980415162244844,-1.1634087203215806,-0.1046652401758226,-0.391671844215127,0.04371156439525081,-0.10812620358928399,-0.10093151835121392,0.2065960432407471,0.24569540833435322,0.301489011190926,0.47058720756153727,0.20490803429961446,-0.5951309641605821,-0.9440536608372282,-0.5725313720190468,-0.8906605176437545,-0.300191585335895,-0.3204408987932748,-0.3452494077872069,1.3644098590456668,0.5061185449948534
113,1.657864079737403,0.06201488567782027,-0.9980452809000704,-0.7410852257534275,0.722469486372108,0.16540453337643274,-1.1299518207445014,-0.5184040361315103,-1.5507582777973485,-1.5391011699324073,-1.1036833481521078,-1.4395243992181863,-1.6784041854261331,0.08519733932133877,-0.26439581879811824,-0.5036606766152826,1.4368795765975588,1.1563450772318637,0.7092234429733636,0.2753151256809929,0.3216477203349211,-0.20156195633772997,-0.3482024981620845,0.7548139497249784,-1.389779376923144,1.125033008526669,-2.900054931836662
114,1.7891059543706553,0.6178115592904698,0.26712757394685005,,-0.02039257809971684,,-0.4452117067221309,,-0.14545806813363094,,-1.4327585773067493,,-0.949534281659814,,0.5030217111956663,,-1.0309881633096625,,0.5054288244662891,,-0.10147466633288182,,0.4851467949282164,,0.06536522442675805,,-0.8778414295464664
115,-0.61961207852258,-0.33301356898921725,-0.229537386854274,1.3067491335692458,0.613794101635698,0.12125830337024511,0.16614016636819076,0.9378386862303397,-0.01409358263501076,0.09329189289842094,1.1024086087738627,-1.1862169660784094,-0.37141660813289945,0.5912467823731837,1.4014289892590064,0.6059307667829755,0.498593931580651,0.7916850250887628,0.9340008106310518,1.9999267695507132,1.310950659971998,0.9076618472773645,1.2660455841486873,-0.43171704590461835,0.9507786500592317,-0.2002890411122602,-0.7048181381248679
116,-0.5883846644009123,1.3071972593729708,0.30302200007874425,-1.858871058773762,0.2305792550910606,-0.36565431481238586,-0.7896380280274784,-0.5828837221437537,0.237115943382873,1.8134993124641507,1.3911762422448848,0.2928811758843123,0.6440568361210791,1.9252325459875717,-1.5475176501260943,-0.3272577908947339,0.308501409279249,-0.09064618664581774,0.33104998530277013,0.5930972463911804,-0.3781893142912959,-0.05874800266113842,1.1558908745324163,-0.33583067349260926,1.208544814328504,-0.5530169937936062,0.22933453524092087
117,0.16914415019736823,0.7173339913963471,-0.6543445351095755,0.8502830342009006,-0.24333148158563483,0.27735911222461196,0.40416468160785124,1.3455114019536967,2.0638708512800212,0.6747086090787138,-0.23035455079364514,-0.7104014865862385,-0.7651917166742384,-0.47838541543368296,0.476857993135803,1.4016088585480608,-0.1606711709676779,0.1870536449215776,0.9200182570180045,1.1756084451579236,-1.2721906577612498,-0.44337982729041836,-0.40690335163260577,0.5596699965978741,1.2369490819164548,2.122615772814481,0.6868741216332124
118,0.888079567011504,0.12191375457265788,-1.262416431488147,-2.161029343090311,-0.9667546601510904,-1.6836619120626328,-1.6316348858250145,-1.6157442959078998,-0.31109588165595836,1.4266730927803382,1.0154181219537106,1.106983033158918,-0.2544774280597185,0.919311797561625,-1.2198348230662956,-1.8533303748033205,-0.6181825190101822,-0.15866075788426703,-0.5438802523050918,-0.6065406235510972,0.5492812473934181,1.3945630985164388,0.6981725456925761,-0.4592726483906361,0.18806831336345273,-0.09101553929233089,-2.2585701129876936
119,-0.45144254931464883,0.31904437670494357,-1.521240214999068,,-1.3135622564403138,,-0.5258790583090363,,-0.29739925544246626,,-1.6856061492238437,,-1.334395652562831,,-0.7238707683841389,,-1.810302782574921,,0.42474248036068407,,-0.42489273035890973,,-0.1391652130928317,,-1.1840151154833594,,-0.2209042551600794
120,0.9720686330167768,1.174190600605685,0.15774162845439244,,0.5601042001860601,,0.4252803024363174,,0.2795900267568386,,-0.2330745547423748,,-1.1192776070949142,,-0.15021465125237943,,0.03203032263419048,,0.23221578673308393,,0.9517746448988411,,0.9385225186377888,,1.0203105841798872,,1.5151165691404458
121,-1.7830846520753851,0.7152281429301751,-1.013259388553552,-0.8130270436144138,-0.5442925585440499,-1.0570053403279995,-0.5299718335896617,-1.2099692310460526,-1.9417019119233094,-1.3114082699826939,-0.8981926738096507,-1.4447045014523952,-0.9032661641679489,-0.35974961019728524,-2.0554478097833577,-2.028481996861433,-2.564931070222151,-2.9412465188179526,-1.2516048817281475,-1.5935630464300248,-0.985573242979266,0.23100438372409127,-1.342930402736282,-1.796376095972545,-0.3899693254779377,-0.6984284414395868,-0.5045090692850197
122,-0.455255549203067,-0.38497330033412547,-1.0239879244573638,-1.6545832774971454,-1.9685571148444476,-0.9947237758864889,-1.104389514473323,-1.969456582868037,-0.6157630031705018,-1.3964454531726969,-0.10895683318375404,-0.5801969100172951,-0.49777957641039483,-1.096060158823345,-0.2725843012940805,-1.4342329891309848,-1.7472529421249918,-0.36191509576407943,-0.8997676808391126,-0.6987934935911524,-0.21043794265530869,1.1223451421958954,0.27600790352685983,0.4573419172356251,1.9025085948502005,0.38236612493124056,-0.7908460698757506
123,1.3593715737288845,-0.4002503716910314,-0.36318990304520804,1.751176005429271,0.026102415566764847,-0.12235943713838732,0.9270761061259931,0.78281075618298,0.5187533197167082,-0.21986173036692042,-0.1314771977622739,0.02281450552291797,0.3391315007925338,0.25954277385130264,0.3267674789038158,0.006177116921336934,0.6563347270404055,-0.49502293045330664,0.42786131542534606,-0.3826875185207936,0.6349783375936103,0.6422986843423939,-0.37051696336834433,-0.46401608965821095,-0.34236642925295785,0.24087277992252049,-0.3359799249199189
124,1.2624184560103118,0.13661522118546512,-1.0056136373395137,-0.5348784276621122,-1.083600128651081,-1.187905040613551,-0.7190962448324443,-1.4027386772959152,-0.951791639730713,-0.907673910468693,-0.5889171243740764,-0.1047074012374648,-2.483631424033841,-1.4899287709540086,-0.5831241520281552,-2.5742759012487797,-1.4859325237337822,0.38474645419195996,-0.10214948305696314,-0.38569939232513506,1.1113290339540285,0.3997767502989047,0.9008622173074824,-0.33610614286773655,0.8020354359754533,0.9708690547042272,0.08487925190234069
125,-0.08341475221054818,0.668026407157751,-1.2653176738490595,-1.219276988442307,0.699454535432967,0.5273433440069621,-0.8621791980425465,-1.003829771410306,-0.41944538434084333,0.6542967121360879,-0.4967848980941125,-0.2914973283760376,0.060906491995524295,0.1381077511468543,-0.22138097764116718,-1.3440369826612741,0.6462931065216315,-0.8676431883505649,-0.6115680288898534,0.8848504448523021,-0.01984214867025552,-0.6873777335796601,-0.29523366757462827,-0.23943535472921718,0.021213805979837436,-0.25235227414366534,-0.3710400201177032
126,1.2897535602787387,-1.5769400034963592,-0.5983319205127905,-1.3602324333610594,0.18074101796113115,-0.4266270888391398,-0.26699957275179337,0.013023662309073925,-2.106007041382037,-0.6905134366531587,0.36952770066968665,-1.8151858175855322,-1.6730463154394553,-0.891054320697698,-1.1095145673336229,-1.0321572273408712,-1.8361134159760266,-1.222046779220121,-1.0720943005293804,-0.6007144425811682,0.8452555423993663,0.40401420626425094,0.29338109204784224,-0.2973272481708773,0.4002379936039149,0.1749517249808303,0.18662946377101153
127,-0.34070720871950727,-0.5796938766386832,0.9353124587494008,1.1649937544706344,2.167322251824203,0.3633634821930747,1.3163682299396129,0.14943132630306943,1.7347767886620638,0.9655425858866278,0.4245352991822666,0.5311197377627658,1.1109934749475847,0.6853331632494458,1.2361926462114046,1.3205025146167402,1.320428940943114,1.3401574180883253,0.540465062098501,0.04451128473065541,0.7985244909389692,-0.2261999696751287,0.016060670737426674,1.668010143841769,1.2512532791362272,0.06722736593772582,2.041645418222161
128,-0.26178049116138546,-0.7917311377685174,0.9664240737980521,,1.1131835449313243,,0.7512236908864145,,-1.0000688137477884,,0.6747858223645009,,0.3361350056236319,,0.23621797181706233,,0.5892231224730831,,0.08371501199336977,,0.2813701549800207,,-0.6791677340569257,,-0.8853697610989495,,-1.4977588533828867
129,0.555071399803019,-0.005816682118977187,-1.6777180788351282,-1.149769320826544,-1.2404472687066153,-1.5292697674509743,-1.2344485290915928,-1.484600342827374,-0.9424832721962253,-0.154159088255206,-0.19991276057921237,0.22275168786167932,-0.05255787643938656,-0.4402413784530334,0.4620241809535143,0.24750783184001285,1.1811998622847204,-0.8457441228703692,-0.16243199466337,-0.646340188126659,2.2845243340708237,0.8209173213057342,-0.1463159247501047,1.1026386679023072,0.12268231201970659,1.6929330723695064,1.5482977067187096
130,-0.5976030533600685,-0.7158017472959615,-1.6235541060948335,,-1.2400345299907503,,-2.9983736993862293,,-1.85445036210545,,-1.7798732373391322,,-0.95759403269058,,-2.9439472110120475,,-2.105864560979247,,-1.2529484248049094,,0.011750840692563158,,-0.7639879761581225,,0.972430992714033,,-3.045174386221884
131,-1.4977042427414076,-0.6105607789782292,1.3383456885502891,0.32081812815126626,0.21655066470668313,0.2494532707390856,-0.7941180715619652,0.19773308807583218,2.0969805397495467,2.359826454868542,1.4563325967771104,1.3967402629410461,0.4433865920511627,1.965898709961199,-0.14266575100295428,0.45832347652486594,-0.7419031408102702,0.18642371609039055,0.9524720419294287,1.1352766563969725,0.5040094300224139,1.826807804144973,2.3240163943822685,0.8847902036386999,1.610543230879315,0.761056603683968,0.9105574838710138
132,-0.1885246311870568,-1.4499365274248037,1.4979852416935024,0.08677347416994585,1.1000586612109715,0.40977314556534666,1.8094597635828888,1.271107107856655,0.07837623674631888,0.12051346450812156,1.122693844781483,0.10408547779762936,-0.13247271419934958,0.2779013967115211,2.189821538604855,1.2501441640243502,0.1512657624753062,0.18059949005197218,2.3113032340759663,0.8304418322079149,1.9201711962227028,-0.1357691734230273,0.8676466375987979,1.6487693322717751,1.1627978371105532,-0.1319863018905592,1.8472873494516584
133,1.4069225599173223,1.7336972774612363,0.2574510112093447,0.5018487145497769,1.5522817197017527,0.31878537831496506,0.7383724295442224,0.17649493604515354,-1.3804394331401395,-2.009292506525436,-1.3913869368401535,-1.1932264010080682,-1.105781953018666,-0.5921032686488201,1.35147205645679,0.12448026338874843,1.6323923491052663,0.6104844332540318,0.8480553024645534,0.030648667538075602,0.018270177437599344,1.6531490009751175,0.5407363105123535,0.36044865807754833,0.5892115682047976,0.860902399323418,-0.7013577941720556
134,0.49708207034542784,-0.5302394266621137,-0.2709883315927828,-1.0788291243154804,-1.7950466382440087,-0.9391800376381007,-1.714748047410628,-0.28544739886560266,-1.293241260394295,0.9932737244138452,-0.9226089032406725,1.8165494131540676,-1.385617147813106,-0.16950631920016143,-0.028048687658984314,-0.5770138815960107,0.32506277069589173,-0.5123880325604921,-0.9024372760500312,0.6470921287655774,-0.8706396115976422,-0.7919307739336711,-1.0134054809503545,-2.2055027419360314,-1.3032508211294769,-2.132104032155392,0.4971378457261322
135,0.5712357527906617,0.5112382097606014,-0.6941456212489641,0.5647347570799142,-1.418960889176598,-0.32694764579388313,-0.41690179640647773,-0.08286375282348729,0.3990213246813532,1.5783029255351,-0.1570305912510574,-0.08893677397386535,0.5157576191202956,-0.06401421388296458,-0.91255965435179,-0.9517048185771149,-0.42069914938756686,-0.09357157093676549,-0.9367737633890091,0.039625247962573995,0.8369010805304096,0.728813250256657,0.901254732797401,1.2895570474047804,-0.03556554421933937,0.9880103051557405,0.9040934386056082
136,0.1356362784852648,0.44695610283958015,1.0223207544598771,1.1031031209766327,0.6925915903061197,1.3014168896897838,2.810586883529105,1.4988791042219172,1.95461780243117,2.0226903232814486,3.990133263138218,1.0848407122912362,1.8900364099233538,2.3312793259522437,0.627507620574494,0.06351862266119823,2.0006092681321337,0.8224024716450821,1.2141560018791444,0.8761056063159516,0.7807401355341738,0.6367897452414332,0.8813114298059288,1.8844886007654291,1.2599778833045472,0.7985884080925295,1.8406101491658418
137,0.20361111327425327,1.1716367571326316,-1.3157326303403432,-0.7234160960153782,-1.1594243515053333,-0.04809129290366296,-0.747355246553491,-1.1915075627747975,-0.9103276097555438,-1.448781190929798,-1.8901388242238344,-0.2851607257145562,-0.3491239168689617,-0.17680565434090983,1.4012823590351857,1.7667508212489342,0.6689844542081198,1.1035146127725863,2.1678152957013563,0.3903598053016194,1.2375149055970847,0.2874681094164916,0.9613557638021537,0.46725202150867906,2.532052053319335,0.14850891178616732,1.8384529004619166
138,1.1008698537660402,0.6752836188884023,-1.6817515495731625,-0.39866498328279154,-2.274528697449453,-0.0720565144177242,-0.888078634056672,-0.4215782038224458,0.35475802231076503,-0.0010671746061235998,1.1384604864195376,0.4799117149271068,1.6149566637064035,0.5842875677546573,0.8702750169976752,0.014318314218426331,-0.646857015778071,2.3056351885160797,0.12191217896692302,0.4650661607437362,2.171404643308625,0.8587302147425042,2.188867019501526,3.403044596181241,1.3973155993846667,1.907287925911261,-1.8487282641775915
139,1.6635971860781409,-0.14939191354474496,-0.6165710786432166,-0.42809936131401927,0.07742560238552215,-1.231831482803823,-0.7136542248446677,0.9702045789542028,-0.1968259030562416,-0.9250481919773034,-0.5732596910976149,-0.9161355850643594,-0.6916465268169584,-1.8806316805539063,-0.5077201151464767,-0.036509196730865945,0.26049529982269076,-1.27156727327875,-0.893041608287079,-0.12378349581341541,0.7234942599778439,2.2651083543030754,2.091562751700474,0.968801792428896,2.0716000324147745,2.1776270257506996,0.18887786790386205
140,-2.3901656723952973,1.1810186794940771,-1.0844974924796342,,-0.5159351051755621,,-0.5549212344229293,,0.4934954887909501,,0.6415154293124609,,0.10431762661346289,,0.06757001254256853,,0.2185977657861343,,0.44038207495618054,,0.8406223450014705,,0.4238636734166654,,1.0193497251616772,,1.076079146468113
141,0.3773048178662371,0.7949227572407941,-0.16748907552954787,0.24212153582441875,-0.2496987083938902,0.6890751675095008,0.04231835637716791,0.21176119818732575,-1.0497382622395246,-1.9668816788739925,-1.8101139188906443,-1.3501026322009364,-0.9084457286861909,-0.34004385806223436,-0.860666506866774,-0.16110100374120373,-0.48479384080053667,0.7951993591443196,0.04296773020413247,-0.5320945721222765,-1.912920870628491,-1.6265646267582052,-0.6045674318471018,-1.5401363195018054,-1.265174913001199,-0.5073883588437086,-2.252525512241619
142,0.5077838782066082,1.4548346264689647,-0.2618631286906088,-0.8503669783101824,-0.7165574702864438,0.05080417280018873,-1.2901048632715149,-0.8945894293955985,0.4601714101920916,-1.4891374590088244,-0.1465141877599472,0.32254525904578674,0.06370878902253208,-0.06801703831405254,0.6508070355605331,1.019429392771947,2.2394773917266644,2.231536400213523,0.8332555967268876,1.7744453159752693,-0.15958673779921162,0.8630905617803258,1.4499512232206406,1.040733030996375,0.25857444179868583,0.907231914479518,-0.07306882465213205
143,1.9251351136678636,-0.8682982878390428,1.6047133372782871,3.114773624962057,1.9141237028363778,-0.46455723367665264,1.6565877829064501,1.3935262386595593,0.4575527109289818,-0.1575330770264498,0.17236258411882388,-0.3408975149638283,0.3812861052139528,-0.6957807388080272,0.8303586570844496,1.4600835272882682,0.48510247981247423,1.800945442609122,1.2134349503732298,0.41884813210336547,-0.9529502039096264,-0.20854678881466668,0.16896130813361976,-0.17160063280138266,-0.7354745337882912,0.9235596779115209,0.05934181756345969
144,-0.9963954402697806,-1.6994183870019082,-0.34645104870430254,,1.0629027489176424,,0.677981240247202,,-0.7894178297327934,,-1.5125685193297258,,-0.5625369013829401,,-1.7491527626769496,,1.7012124458378033,,0.2209400441946389,,-0.5292878799454551,,-0.8201229317555396,,-0.8660271612659822,,0.1704647032664674
145,0.672056791768449,-1.101258660767587,1.5088422057245352,0.6927843641796525,1.3932429452295372,0.8521915605944825,1.295025226735098,1.4559332340864146,0.957896832979948,1.2883701381547468,1.770815316186002,0.9297047639551979,1.0128310555440072,0.0643728155489684,-0.16636719481668238,-0.0161270722222564,1.1231254480236648,-0.5286988274609687,0.12207098653063098,0.7249878712127438,0.65689330355526,1.1809173248509626,0.9243486182936247,0.33179180694297866,1.4075281061126985,0.21127939896510406,0.7358814499919986
146,-1.402243086322138,-1.0329083049970198,1.0567382778563603,,0.6172763381329737,,0.8099653757753408,,-1.4373359159035644,,-0.24604228907393066,,-1.169593786761099,,-1.4327745075590146,,-1.0921899417734278,,-0.9844685225899146,,1.591843558887645,,0.9181847324991805,,1.6333782801579524,,-0.1867220942160872
147,-0.05363694397580453,-0.7529773896807476,-0.009133917894592197,1.0397956779319775,-0.5675197749301975,0.5900372097731854,-0.7801291038022142,-0.9564770894310617,0.40439107555090453,1.5402781659259301,1.7383596750186194,0.785194805785592,1.1716937157873668,1.2390535893596992,-0.3017461674072346,-0.33583260251006725,-1.083082683883248,0.9339790592837435,-0.435739120076939,-0.46827041011529447,-1.3321731701065356,0.439276703419405,-0.05006345673043272,-0.32553857910493367,0.2048776929773669,1.0452864741347399,-0.1268302793675723
148,-1.5700370448960292,-1.3837814441831218,0.14719458636523408,-1.616448981720788,-1.3321970917720454,0.18590767021378216,-1.6486739818402292,-0.20488205891701572,-0.8198898840905551,-0.4895713181181964,-0.5414419918265659,-0.9439256249148607,0.32856037124291415,-0.4146657729114773,-0.27462840970559477,0.28613934183517775,-0.6995657083803672,1.5896253899396835,-0.2190689588538404,0.23549586777359846,0.39781756010220715,-1.2874426588849444,-0.6275581228074198,-1.1219105152671192,0.08835614085020223,1.4022293198880162,0.2544319915347232
149,0.13581442860847023,1.2410683136930039,-1.6129253085550654,-0.6583681803255401,-2.240620551117914,-1.2364849310403505,-0.8415849450185275,-1.0134150596517797,-1.0576571645130068,-2.1466078953362304,-0.08783152254297755,-0.5219565085038398,-1.0165771152324312,-1.0923959705498434,-0.8664691422883828,-1.0604630796341885,-0.8912153857300835,0.1725999374607553,-0.5438006664422697,0.8821711858843388,-0.7722743153723248,0.5049244714637782,-0.2687104441213005,0.20575535621331473,-0.08325999101054454,0.24956733727228414,-0.7860519148575433
150,0.25739279035409546,0.6868428076431514,-0.49470353527340205,0.08450114425475647,0.14484542045245918,0.7912264483807935,0.574080017753246,0.020490068695509803,-1.1042439040922596,-0.8917619115734335,-1.6699385865909662,-0.7708569235229101,-0.85885533070742,-1.0728976381939574,-1.1689683096824892,0.04003424703845093,-1.4151467227850234,-1.656855541969528,-1.1103665901495872,-1.869640332977732,-1.612343664393534,-2.492548221044287,-1.5336993816167586,-1.6977251904670174,-2.0467613845768535,-2.1293043895592887,0.3756081345598694
151,-0.03095117842680659,0.23942588087510133,0.2690588350511307,-0.1712120830545532,1.1922376205929253,0.05784435206754053,0.7495458351099782,-0.07330644589750965,-1.2177711766956798,-1.00871138059548,0.6651450356621582,0.9403497740422468,-0.8802187856060681,-0.42336976245301844,-1.4747557262862763,-1.4278027222429357,-0.9372585090701491,-0.18128888132679422,-1.473283175983957,-1.2656296421586377,1.120315689347129,-1.211954642979487,-0.16850059993466526,-1.2103769239282682,-0.765084408642028,-0.8629597811116075,0.3253368379712309
152,0.49475758180230234,0.8908679915575598,1.3572884088301775,1.4316160093251438,0.8930904724646499,0.9473167739297218,1.9531403391099111,1.385763758325411,-0.09132714531323005,0.3460616237736194,0.8431748490423863,-0.7209110395156382,0.5380926438964848,0.3002960467411919,-0.3524421773075866,-1.3060684110898453,-0.4056234012840726,0.4513677889346539,-0.31900845511883075,-1.0998865266110018,-1.574525295537638,-0.8497195406424765,-2.0292028465701035,-1.2554773428437385,-2.8166917339613575,0.09393170959283648,0.5734680499200528
153,-0.12513033757838937,1.110167153691359,-0.11387795442179546,,1.0532944563506343,,0.4092720868747688,,-0.16037164872462173,,0.2295935735697642,,0.7977858102216602,,1.0684581391118047,,0.7151252147079592,,0.3610449693329636,,0.026233276995568454,,0.5141409788006273,,-1.8443348242473558,,-0.13970650881408261
154,-0.562441178530022,-2.0081632314819786,-0.10231904457915275,-0.8779861011261366,-0.7581422772723925,0.7382956501128396,-0.3786812040295754,-0.48647486266822826,0.565396009653619,0.9414205892386038,1.739224834010637,-0.2056760249713007,-1.0085746940167468,0.774462018878919,-0.1835677525219412,1.2159667252265445,-0.5865585885261824,1.0458421350202918,0.5619289183639768,-0.46363987561789244,0.30574566975317025,1.0657127005258613,0.18270069550790757,1.1191917332367374,0.7209545643683157,-0.14623547469541637,-0.04061850700534103
155,0.9840340051660205,-0.22441682116961134,-0.0085359203733959,-2.2491392095923493,-0.9034710166485378,-0.861621144187621,-0.7685386150231348,-0.6407794550972638,0.4129056179106946,0.41580872908548705,-1.0928957770454184,-0.6414287997336023,0.1268680310881911,-1.2056748673341307,-1.4643173236794538,-1.7784799554982067,-0.2784158904675127,-0.29841715733612073,-0.1303595838464504,-0.30357521915173313,1.170557175832234,0.8509687646699967,0.5793953397871325,1.1223779949150992,0.6058637058880065,1.5208765250490317,-1.6068948508814287
156,-1.5437192821146177,-0.6850990648866374,-0.3269074597912457,-0.7143267117129777,-1.338371137433546,-1.608301865977628,0.4000957470007316,-0.3979168582023583,-1.2087496378574971,-0.43364400755502075,-0.9501979336870193,-1.759799995734232,-1.5243661507597814,-1.4660894491649201,0.38490289699954305,-0.33506464322403273,0.12782265903606377,-0.24632177291701685,0.023041425902497914,-0.5203601387581358,-1.1505413858607634,-0.0780774310601018,-0.06509240898586333,0.1090735771066581,0.9389621615987799,-0.959919030806232,-1.5751178464919644
157,0.19103221490561398,0.33953059765831795,0.22388257074129123,,1.0897634935603284,,-0.43932647099990035,,-0.46454124942538766,,-0.7504211241079799,,-0.9439307785403617,,-1.1141280159835132,,-0.7285585518226108,,0.06451199794267883,,-0.20176565174442712,,-0.5952765812120462,,0.3778460783620562,,0.9619039215519605
158,1.4114722747456803,-1.0804810510157128,0.06388327530398935,0.512297518230335,-0.5725904392551106,0.7174990333242057,0.6326269952887711,0.8577090884112153,-2.2655813988939424,-1.5170790228704243,-1.0266179005094551,-2.3436231058769152,-0.2428387714492607,-0.3635996170930147,0.3000814645794274,-0.8405215710594489,0.4675486771215877,0.2964020060493708,-0.5336680025760034,0.5961610037716985,-0.3721300601346136,0.735212104678122,0.6166878371261266,-0.6397347378473603,-0.6285293636226499,-0.12765208425884872,-0.37877494086117924
159,0.8632900677073987,-0.37905942018729966,0.3895994313462683,0.20415956679740727,0.8820154466523269,0.18774643467573748,0.5300200169414115,0.3246093830650494,1.48069863729849,0.2490264532815777,0.5447027383513483,0.9022947783037887,1.1997941726369825,0.40334908519828794,1.2111173842968759,0.39976523675176234,0.7205564948151676,1.119818884558615,1.571378840284189,-0.047927456557365966,0.35807825218884554,0.33968369855737596,1.2002803728810285,0.834843321119868,0.8634345006201547,0.1398335941716889,0.07103246309501876
160,-1.010906629493781,-0.18530466571058743,0.23263642627479403,,0.7219831482469055,,0.23452228131185715,,0.40074425634254196,,-1.1031405067740345,,-1.6253057682071361,,-2.603508387516131,,-2.4609215416654333,,-1.7347515187506082,,-2.201799391034217,,-3.912196819258188,,-1.065957680015678,,-0.043203168661695934
161,-0.03885353564014035,0.24895444334253253,1.7090656790898857,,1.8080766711888336,,1.4391672393247803,,-0.3642245128932644,,-0.6704931417315769,,-1.09663371568699,,0.4360003753922197,,0.5896078050096101,,-0.29817397849650606,,0.017479313402194246,,-0.6265769379892285,,0.3753766129256191,,-0.3482198059312636
162,-0.2346613089878662,0.8900016989754915,0.005617101003380445,,-0.11310502277455642,,0.40987721557673806,,-0.43916326978039166,,-1.2148070139063816,,-0.15528001118387486,,-0.939500551485688,,1.1439328769096726,,1.3519610416420407,,0.5138544379521691,,-0.0010061245448474976,,-0.48099601354210736,,-0.01861996530419675
163,0.7925874574916969,-0.6157625032215527,0.762325243168083,1.8716001546787306,1.644078861265239,1.1056045572797415,2.1327402063198626,0.7088732789049398,0.5392776177566645,0.7198025734928449,-0.0800142758063006,-0.3039747250432907,0.10664767224494609,1.4527392035695526,-0.48122493303800234,-1.705468490789059,0.5390676782940801,0.024338061816056245,-1.0025396457069857,-0.7428635078777758,-0.25967294625599296,-0.03612654389416364,-1.0863741184982705,-0.4079562445478081,-0.8679917849250884,-1.5231763874077797,0.06516798281803382
164,0.5479251389074198,0.6066582754392129,0.7455587758258916,-1.8666412412884439,0.37780656143050784,0.2521121198017612,0.044023843592494075,0.731179229443375,0.8523574251035154,0.8863846512178384,0.7317413425198158,1.1094654562026327,0.22189232649676457,-1.2460450453500342,0.5684329486238969,0.5047337573445805,0.23377997289484842,0.11406864845200701,0.03329810628124619,0.8654576648843243,0.2539599506194819,-0.5326921843752846,1.1707700621923456,0.5973351969375631,0.7522237541811629,1.8011972266062597,0.27942859459982006
165,-0.907439491756201,-0.906276315685368,0.12212631967480411,-0.007003320185352199,-0.0016821270743272998,0.12533081595690868,0.41951332791778306,0.32717812075274555,0.7264017562478462,0.08427231133391816,0.7644886572388679,1.1803921852725852,2.031405117089309,-0.3125025820340905,1.105559870667367,1.763403619460785,0.6992681454971998,0.6661104379418279,1.0017776383336316,1.3429034698640456,0.8523206302165954,1.0356294086389095,0.8604798223143633,0.7896859400567755,1.663684649128666,0.004802394001411157,1.6337334679056417
166,0.33385374884407726,0.48270183223790747,-0.4715354777926693,1.0777526854253932,-0.6600729633881852,-0.14773711271341736,-0.20157669767427522,-0.41197883084379794,0.3694194223243148,1.1556339813669512,-0.15585943049224,0.10463148622087104,1.1638484821308457,-1.0024752639264976,0.5666886262296891,0.04374171180648692,-0.9682297007743197,1.0251596036980968,-0.8658436388306714,0.26870392299822937,-1.1985615679552482,-1.9201804072978008,-0.5392983290253002,-1.9610049292734753,-0.96472813021733,-0.9810397903591013,-0.14613832077968344
167,-0.3027242259588968,1.0749139943459098,1.0986801883821673,1.9540484877157658,0.7242332708574466,1.5432461964418,-0.16602061639594656,0.5585451648883444,0.4166479946505297,-0.9568935356536777,0.049770273010649735,-1.149390586741622,1.1303567394074463,0.4976912011859775,1.5982797910661968,1.2072817855228664,0.8867353739240136,1.366485986478348,0.8866808067400419,1.448618128119139,-0.28493661037897855,-0.025406255972570735,0.264634314054419,1.089441469664584,0.3539804008285048,0.4625106875235829,0.03540519759200267
168,0.7047702262014596,0.2158865019698066,0.6750866724208651,0.9646472836138602,-0.8072689287203549,0.0007931318828963349,-0.47481730971986746,0.06938211769710376,-0.2315644999682471,0.23095134322517102,-1.029606971056104,-0.07190921586033976,0.18182655277061366,0.7322785231674112,-0.31947772251793083,-0.1470546385477507,-0.38412371859923455,1.0072921211931976,-0.218177655249122,1.7084642773362666,-0.08087629151351623,0.6339798852851486,0.4078641246331277,-0.09620910495773066,-0.447388553596315,0.29385790046054266,2.2935137871843754
169,-1.0206780294590698,-0.37255001851083475,-1.439268173755029,-0.7421068311540162,-0.4340090740023243,0.010650316971960061,-0.96211004383876,-0.5274214927127068,0.5690652271506484,-0.36361779258486626,-0.02683099376580833,0.5034813324076258,-0.21857267153631751,0.7302585676256624,-1.384238763295591,-0.20979893381195747,0.43431499161715015,-0.03764741521138981,-1.421540964678944,0.2763613501455683,-1.0764958063343468,-0.6766009709405824,-1.0934629254642871,0.32998512033794736,-0.5626272809239035,0.11633623927569053,0.2235160613610784
170,1.4954282920159252,0.2900013605077265,-1.3185697974273216,,-1.3477433749298342,,-0.829858491007186,,-0.12337181085550987,,-1.6751196379219504,,0.515557342010317,,0.5547660419364742,,-0.07611532554270084,,0.3777317575275863,,-0.6409821744477453,,-1.102661313852638,,-1.2566162325849743,,-0.02081124730686823
171,-0.20596719647476155,0.1675522485010659,1.6321757870152545,-0.11820103537012952,0.8644265657394097,0.7075017733327216,1.0987327705612961,-0.19996752934455272,0.13661126482948585,1.2381957674004198,-0.14528713712608454,0.9998535506425608,0.1355363011545238,0.1850939723427809,0.264039966845551,1.0393586418218919,-0.18206602298388164,-0.7538586348461406,0.27021345303950994,-0.5582320779664653,-0.3204708699260134,-0.5931243335380985,0.27524347723136444,0.7412761800731426,-1.0295079030390817,0.24979501268887533,-0.06376611253593653
172,-0.6061446812815263,-0.1537159678173803,1.8379005713652086,0.65426844051487,1.2194564440649152,0.27079059942698824,1.4273934307496128,-0.7028608348754903,-1.018713193790568,-1.3466461092235806,-1.6281970138466328,-2.0495831211771636,-1.98182724893753,-0.23524127122278538,1.3561642830321177,0.18914326168890866,1.123972670948484,0.9137598921215266,0.09592425544442912,0.19698265769009754,0.7325994344597362,-1.0389770670320773,-1.7179783400460553,-0.10332649902147178,-1.2105050390115255,-0.14923055434406463,0.7164277046986587
173,0.6700419127941828,-0.6566404304781038,0.9313839640871697,0.7813123930073334,-0.4891940094582161,1.907936825284386,2.096878701970156,-0.9365104564854815,-0.5873607989464971,-0.6564955109982507,-0.3181443997846346,-0.4434783242074452,-1.0808026246605862,0.17584059305257138,-1.313785838272154,-0.7296675069452053,-0.562859832189635,-1.3554455856899628,-0.430246654559851,-1.0413119020043546,-0.9928084796207441,-1.7350201386170203,0.0715680249010825,-0.3951046060987715,-0.6640800981320794,-0.5719373438081854,1.1780945502428257
174,-0.32152229611699673,0.19793284761820465,1.0672374426370104,-0.9902586854803768,0.3641322287118732,0.11834384007796815,0.4209397819550542,0.1863073898671875,-0.8637108326394506,-1.571757721216761,-0.95700001796053,-1.9085190503331453,-1.4390883859350925,-1.0652304214385926,1.3910547578806782,0.9603106861418202,0.8840201564406414,2.314283258631873,2.1255337448125142,1.5489706299288295,-0.7037934115195138,-0.9921644152721045,0.2897876502417261,-0.6512845457952238,-0.18696661218429086,-0.2556602770798022,-0.14318224261256912
175,-0.07653961855649213,-2.4722671310311135,0.6863604004877045,0.7932658659533017,1.155143851475434,-0.21361903400515947,1.5046304070979022,0.17313309458978687,0.3310543227835736,0.49988151179081436,0.5377546567428548,1.3294598286409807,0.5853343940867318,0.1918609688436732,-1.157081074988085,0.24924458406643762,-0.5277705467349193,-0.06700418383981263,-0.689552614121587,-0.44675059777431225,1.4562062775213345,-1.1563223877121216,-0.17082884080469427,-0.5606952218551858,-0.5702240004746597,0.42031954254867365,0.717497456906708
176,-0.21426165003245662,-0.8312894826468054,0.6630020612774805,0.3780042033052627,-0.04584585384084422,0.6784813884476969,0.37116802035862273,-0.43163738109080485,1.3911140427557749,-0.46555220255157326,1.3654684104806156,-0.16205680000035302,-0.4427220458995857,-0.8459996347383287,0.7663847773123329,-0.9638437835012729,-0.12061663482936294,0.36882656135582925,-0.6074342774479596,0.04105958385492814,-0.5808309901351538,-0.4829596835637926,-0.8979861409343345,-1.0935447614231477,-0.68664710418851,-0.409841782549408,-1.8632252851526594
177,-0.6258360074404477,0.6044182463340094,0.6698287917504477,0.4267563224199665,-0.08528917093009564,-0.5298411257184371,0.22560818840339453,0.532889841747834,0.21959220897120363,-0.7592269863103138,0.24358310831825866,-0.14822667803565648,0.4731658676335174,0.6670153429056203,0.2830765098541189,1.3290658306418277,0.34206786543044315,0.6608592329703262,-0.1916432946273157,0.0778608885601873,-2.4938262442655246,0.05948525203499083,-0.6293345267219642,-1.989229480213249,-1.1648804560738146,-0.12804005585827433,0.989268458266145
178,-0.06261291273595891,-0.6399312477133242,0.38616947898495035,1.543719431171763,-0.5848241802164829,0.07859568907831105,0.4556700850549672,-0.5507067612023887,-0.29372017093453756,-1.4790931711148019,-1.7399772712906207,0.1954686714037534,-0.1554866357656135,-1.0252912894735864,-0.7957739095867704,0.3517687569251768,0.29858123709481055,-0.8269895502247526,0.8817577005541016,0.14160559312364812,-0.4349337521540676,0.20067959276720151,-0.6327821509794548,-0.522591000939914,-1.3994652712501623,0.5537994257724029,1.1914731635910154
179,-1.8380586565474941,-0.21294595239852876,-3.0203560302238994,-0.10736198173058265,-2.2264914557736857,-1.5168363680034953,-1.2586335300712226,-1.715175605598108,-0.7737403062866615,-0.7697763479573699,-0.48218638386978585,0.7258030986725312,0.29680363517635555,-0.018865962521570134,-1.104814284875089,-1.5172975558985373,-0.9140877220948445,-1.4595779322719238,-1.2961083508218687,-2.1499304295094053,0.3450629875828684,0.04091412142278761,0.8699475478053387,0.6807822986136856,-0.6383161170178878,0.579668983515956,-1.0492919573794628
180,-0.10773233012689305,0.00011436332124942294,-0.4944582193506441,-0.8356785742358658,0.7118863372111577,0.4502611295924236,1.0784727175463522,-0.4232502456360605,-0.8283062550007996,-1.661142639922454,-1.74211039391463,0.555826365826809,-1.0450312057195172,-1.6689775595638041,-0.9186388486129833,-1.6426300884123044,-0.8931508620109172,-2.4176371821119496,-2.0285564136673115,-0.24467222755441553,-0.4884874281169759,0.24138266103725936,0.7135580428560376,1.198736224962798,0.6861083970656274,1.0358006165107976,-1.2146943328338438
181,0.5845431552204895,-0.057001216704964414,-0.6110238355690134,,-0.11125862600931258,,0.07508499932809082,,1.4374097792356846,,-0.09369955317137091,,-0.08719470974517515,,-1.740022796994593,,0.21084436918205673,,-0.2607982846529926,,0.3023039522631051,,0.9980756398380819,,1.7397662159912932,,-0.07058280695587082
182,-0.7455863525200548,-1.926542500331505,-0.409104900811916,-1.0049590064269978,-1.9572488779519128,0.2571570566475986,-1.5923409186940178,-1.0581869798537384,-0.3093119575072151,0.8403916357010355,0.010503760173682368,-1.4943044780041965,-0.06774434997259954,-0.49362071070134894,-0.7256905175073411,-1.831501004240792,0.11897206438951202,-1.621545564388859,0.2818905554159308,-1.2549753397640477,-1.8128056525805065,-0.3129979610908777,-1.6840240674351201,-1.5830369578220478,-1.5051003246824353,1.2032902364673175,-0.5194755453448159
183,-0.14358497866158104,0.917687839758908,0.5846022273098771,0.4016790245250743,-0.6327574772386549,0.6943101227299433,-0.7536275021998201,0.8216185494200284,0.4468879071849827,1.229524728414193,0.30804430698179763,-0.06058041732314692,0.17211306768262738,-0.3089105037827917,-0.943429848084067,-0.8145952727406494,-1.1430186253584613,-1.3942968092804586,-1.1431202758582073,-0.8249111144757287,0.5742532770753122,-0.4537267701090445,0.40563342326896695,0.564554562056484,0.934430959219982,1.3202764309842887,-1.763490134440867
184,-0.15709149284253604,0.24410832259226756,-0.18374161971456365,-0.11773341411950429,-0.9187755464571135,-0.39966463729891644,0.4052188077906359,0.5459893300481635,0.5249175358337139,0.6695798616401315,0.8697272683029884,-0.38550971175885707,-0.05402119416351453,-1.6688427914089297,-0.6736326057328068,-1.480684679367496,0.8737532911163086,-1.0583437596228191,-0.9513025439325193,-0.37067737030692294,-1.1944308579063714,-0.7955774013229785,0.22457724664525602,-0.7715609304654409,-0.5011147933248652,-1.6588127268100208,-0.8584385125673922
185,0.7790358344176438,-0.22099351043662196,-0.555301733269262,0.892291322540163,0.14034457038034553,-0.027440758969603518,-0.35125796507316404,-1.1027715516778516,0.2602427886261929,0.39461115858790635,-0.4833719635386033,0.5958436735103756,-0.06505360571011448,0.5912951547551921,-1.8689785636326315,-1.4285912127952738,-3.324403606287045,-2.20914241862742,-2.0460875532575824,-1.266814730192665,0.736337512793448,0.4629424087025176,0.2580529017198758,-0.4224379491915589,0.3613028006371837,0.5211928583596759,0.3718609088859914
186,-0.42070750726863576,-0.015922827154267297,-0.4592670028993533,0.864218504438639,0.15094740943012458,-0.09444391183827439,0.6140451440064794,-0.48653033204495555,0.0019827718392724236,0.04733637565457278,-0.36180027221787076,-0.8041022888923478,-0.03744608866486154,-1.1616471780128583,1.1211628707543861,0.2028354743084657,2.1598016713503947,-0.3359785624960089,1.977052353531467,0.3750868437754768,1.6757881312546057,2.3664559759587434,0.0888510017362395,1.3004418726255973,0.5777536544226597,0.49729924324492547,0.9763217597011189
187,-0.7295735634529239,-0.5585449336659398,1.3606846140058673,0.21325825999184528,0.7950451778592114,0.5282696440690537,-0.6325884471799916,2.0379882840598116,-0.9139188309560291,0.5530959846350185,-0.20401174812097334,-0.4676659144763588,-1.4795464367485733,-0.9219768174655969,0.5976124416534282,-0.5018123889505313,-0.9450912703958337,-1.3289626647729318,0.6666276521537418,1.2061830620227694,-0.9639267484155039,-0.7031320958842149,-1.56992358948837,-1.5025839163659844,-0.6159045213019587,-0.8398950180226135,-0.16083022355082166
188,-0.18218786882568944,-0.7598812164296684,0.6758767430107909,-1.3222047013030267,-0.22719969477105978,-0.1931476484950292,1.5448104249358903,1.6678812109508145,0.08242043940789284,-0.09597136569880965,0.27697452909677867,0.5546927502360228,0.6579045061476031,-0.01598592058970827,0.779688200965661,0.7100289531227816,0.18503797191254315,0.7048428730085636,0.039438073366117654,-0.41232072869885883,-0.5016482020245654,-1.1762893477913887,-1.030264477667278,-1.1594831861578185,-0.6752154098872368,-0.6501509980026544,1.3450191801231677
189,1.117873639869634,0.566767301836698,0.5878482816323939,0.35606197388923266,-0.4603460548019628,-0.36114628274545013,-0.3777875395266911,0.28298959371824506,0.37728907282802404,0.45640963083692854,-0.591700341341461,-0.7454420504886738,0.11489863038473283,0.07767229032943213,-0.9742721782678401,0.8996209110719555,-0.4831818088153629,-0.13515081322547295,-0.6244899598991234,-0.17144755302792375,-0.2562410913428922,0.18502781610806415,-1.4747957702646688,-0.9044812794147744,-1.071873685494866,-1.4114084100107267,1.1614010307969174
190,0.5936255544929933,-0.024824152110495632,0.5738474435392488,,1.6022811862621582,,1.146350022203095,,-0.5080135304199441,,-0.7991220164139684,,-0.31415738188711523,,1.4157997758721184,,1.330628077508675,,0.8665678518546118,,-1.2687594420800294,,-1.3153271665282888,,-1.4743191001762284,,0.7261494784288203
191,-0.09559553932106477,-2.4340201557261145,-0.07822391130566571,,-0.03472705904057692,,-0.513252599222128,,-1.3646443388689584,,-0.5624148843411724,,-0.6799663860464749,,0.6949077435819113,,-0.14159785395136748,,1.0403657411930856,,0.6294379814982873,,0.7889165127473172,,1.3942183866528657,,0.7664868049553937
192,0.5521856617957221,-0.020479105322342053,1.1551439883402916,-0.23989734889536823,-0.5983649160608443,1.4134892456733954,0.6986009176185018,0.7869132742483416,-0.20875514832603376,-0.26752188884703887,-0.31512134017838606,0.22360072334162276,-0.773113024955224,1.0573626813765051,0.26598667498565337,-0.26451175199181187,0.3627498494727443,0.8107280315864362,-0.1789963742196979,-1.3745934239425495,-2.654110103238539,-2.042150292352854,-2.64722908605097,-0.23662573851300817,-2.460793583705775,-1.6490306542695197,-1.1211780702027214
193,0.8973070700273262,0.7600787097188493,-1.5123855012078131,-0.22177191076629177,-0.9035172127646187,-0.9048327178566993,-1.1238827141389416,-1.3704651176339135,-0.9109028609102443,-1.8605128098093038,-1.0928817204736812,0.6768195226374728,-0.49754863468065186,0.396921439262625,-1.9103334586221954,-0.4976108523010276,-1.1686121789226882,0.016875573934469257,-0.6261583508835862,-1.42823701738009,-0.7821028975031996,-0.43187733633288355,-0.4145552564756732,0.07035180954694664,-0.21530756179956004,-0.6882535639297932,-0.8250726418170841
194,0.002003694598537615,0.9148429744518038,-1.2402863159385173,0.1375074883275702,-1.2998635431728385,-1.1249120174514875,-1.1392705708503112,-0.3057196159028397,0.1759592449719482,-0.8652513263703989,-0.5789497401260548,0.6394087332585049,0.33100545405208054,0.1156678901626057,0.7037946373364253,-1.033845551243169,-0.29055724737995203,0.8516523472199148,0.5105256730601714,0.34330766433537685,0.25483751126391985,1.1997011503009134,0.6193570538525778,0.31237076767023797,0.4120834398102026,1.8593983435148154,-0.00266370502880664
195,0.9628940029406102,-0.4392991379271328,1.0959454349893243,-0.6649067562900948,1.1586140221419374,-0.5179615271789131,2.1947380917059585,-0.36621582226012767,1.013620541833327,0.9422559234842842,0.241726553872045,-0.7053387267148291,-0.8065825754182452,-0.14656509379408067,0.8706899666791765,-0.5065286537715181,0.8013957580245319,1.248358501678994,1.2025499172232732,-0.03268803135842979,-1.4242409650600534,-0.7130575542983396,-1.318019081298539,1.2542651862198793,-0.13882062857744992,0.2135879274694507,2.1080348001502855
196,1.1666749524582067,-0.6993144067573356,-0.27323412510181366,-0.3945958309346273,0.5331692395098054,0.24798148437268558,0.2858916913506364,-1.596507339352892,1.0709677369641044,0.18793504079806636,0.9681966832353504,0.3400010695889676,0.13024764920127363,0.11163067492020828,-0.6700162623139665,0.18248633440252493,-0.02146490394009959,-0.8874866952981066,-1.9851208602445416,-0.0747279520563644,0.7350709654650204,2.9456834376603034,1.4202576619064402,1.6459144065363926,1.8869000865112981,-0.3672335935567522,-1.294606981175523
197,0.7657543512653902,1.5047574448928338,-0.13892798590449063,-2.506764921142845,0.5562182105901572,-0.1878676416618844,0.402112295818722,-0.8424628437992011,0.1282343931040664,0.7162300810870335,0.6024160184040339,0.18214765715562642,-0.9284781507097264,0.24542009168353013,0.9912018269634189,0.64200956208378,0.9426857485483998,0.6929137743089951,1.1712927491407785,0.3135331739553331,0.9134777048804144,0.4995347753240667,0.2677912898855128,-0.24272890371563935,1.3788638602308176,1.59146755094162,2.567656972163702
198,-1.5093201996062755,-1.2210139235157125,-0.6707058093730585,-0.027494399916809964,0.40582710080700535,-1.1527113071579818,-0.733634159369888,0.22312660681700003,-0.5220099666758505,-0.0836353613866187,-0.9885728873174855,0.6520212233389228,0.05390956576913819,0.029901989337133755,-1.84994133303193,-2.2692713502399875,-2.241003365184846,0.33490240431306184,-0.2779116955668399,-1.0076029717789927,0.41265134190419284,-0.6204764290119738,-0.8112868140064704,0.9324089888687828,0.07832742478677585,-0.06552402928722093,-0.5270477460195487
199,-0.5186269777026007,0.29635504674543695,0.34589802264467195,,-0.31341418757858724,,-0.17143836065001367,,-0.665548590836123,,-0.5108452770511263,,-1.399438103356145,,0.14292450383793098,,0.5747499451444245,,0.22190535253294397,,0.7255091246439792,,1.5181496335085636,,0.7695842178306652,,-2.022973996399438
200,-0.3039454977057468,0.7099179831570863,-0.10683607630096731,,0.203856733640421,,-0.5328931400595834,,0.2609606156152692,,1.5845779020127424,,0.3274170040365145,,0.44664883528694865,,-0.10573104015189497,,-0.13745377475171375,,-0.058386164984495004,,1.3569353761207539,,0.2658674225944786,,0.3677100516515328
201,-0.9505446426490213,0.16618760508397146,0.45479415560358355,,1.2270672608660886,,0.4409760284714317,,0.43007035989388426,,-0.16966485343170148,,1.3387685235990827,,0.8180296294249827,,0.2786638544904687,,0.790994087831572,,1.7354568816824998,,1.1165695673193488,,0.5837990366912625,,-0.04106809013148599
202,0.7789497404621446,1.2080381877204271,0.49315537609440274,1.2612094824472273,0.03944221118589397,-1.1956275293285572,-0.6326994294776236,-0.31940852720234486,-0.9479504736273401,-1.3440420353385525,-0.6469696745669777,-0.5620646222975103,-0.5945188200571118,-1.3348296730970417,-0.8458806874008258,-1.150960842433373,-0.8907723755879398,-1.670155061690977,-0.5389297587030647,-1.2302025351647965,-0.2523629154000151,-0.4616217676057761,-0.05029943413752486,0.011557095901275821,1.0536687725087368,-0.6367159024899979,-0.826173563067312
203,0.6760008795347361,0.5683520317658507,0.9775371848774976,-0.6943946464076118,0.33397763573586736,-0.0008545767175640595,-0.07958859614386163,0.0327566424520323,-0.29736576684739935,0.8339312314090723,-0.286528137619745,-0.45445249194851545,0.7516412491527118,0.06572638015641047,0.12535880630726826,0.8498575010545808,1.8656705858764089,0.8721451220627054,-0.27166905515230855,-0.8041925381069405,-0.6145946220735068,1.5714677608830305,-0.3896387584541643,-0.0059641588347520424,-0.36188888350186904,-0.49807874566509075,0.10483409742974223
204,-0.5915073289923827,-0.21340027892023244,1.3145971359234458,-0.5097451361434444,1.5138876072009944,-0.896151506115606,0.17984534463046478,-0.381171905614456,0.11248782537496699,-1.1189342798565516,-1.6163770189916806,-1.0182423704370858,-1.009686910532761,-0.3689724852813914,0.552995652330754,1.4293047626458213,0.4580729747503191,0.5609188676871508,0.8808308832158798,-0.4081783926113899,-0.026326312611843816,0.03164633626027291,0.8828660273923017,-0.6552565848056757,-0.18071819737763134,-0.08450752896513403,0.801690784491746
205,-0.14224148918567558,-0.4200882965168065,0.3072452442478938,-0.09088989154923366,0.0781654307659724,0.039771382651147526,0.5561543608683768,0.8488051720047871,-0.32811848167767255,0.3156871927061378,0.4230081362422394,-0.9646859043571394,0.7037444477459559,-0.17007640476852934,0.34144030510124745,1.8054843784865784,1.4291505326484424,1.3085391021901804,-0.16102969652347532,1.147988485348238,-1.2575302614744028,-1.9548860548016886,-0.03726022257396,-0.387337042379661,0.3514467148576242,1.9244008769099057,-0.06516696751500245
206,1.088923764739353,-1.0483122111101135,-1.0211906405435713,,-1.0274683659889625,,-1.1949316988769354,,-0.6634035627200575,,-0.28490824830604766,,-0.38237464685648603,,0.21912381331560432,,0.011793438070909434,,0.21116866690236932,,-0.5403718016606385,,-1.0731642628889633,,0.749971176116333,,-1.116608047237507
207,0.3194991144046543,0.9290911344720754,0.881507301600723,0.4066991089367215,0.6738068492855867,-1.3429065960174336,-1.3113936907642754,-0.8649356347700067,0.6148146800852369,1.198655411148518,0.41421197500422857,1.0085487610293997,-0.3780454198093624,0.05722106333730381,0.3617282758051904,0.32392642151622997,0.9466954451448848,1.2974844414456999,0.31949356500959836,0.04179533714510986,0.4282377479148154,-0.5955277594502084,-1.4508033778853937,-0.4140109840168859,-1.0768591109544068,0.08654526729631251,2.0595588119468893
208,-0.584471146393071,-0.9721269557903655,2.04572656684159,,1.927743183847426,,0.921324580835774,,0.36329429806495617,,-0.2872581718834011,,-1.1739533391421084,,0.3198964083061956,,1.098449927216471,,0.9884848223138191,,-0.11082611683679622,,-1.401110929470386,,0.1757955238291098,,0.2237559730598243
209,0.9222037967343966,0.28154833850966177,0.39439332138209526,1.646576508908224,-0.11086524537870163,-0.48466668587781336,-0.04680726574721106,0.9675686970970288,-1.317765747622596,0.9329802205952877,-0.45038730775646085,1.1778846503669014,-0.686794363576934,-0.07910196929555058,-0.05171510048671124,0.432465242987134,0.3936799038404344,-1.3580207618519518,-0.6794248658754597,-0.8744116952128296,0.71017451295604,0.8488320510942742,1.4055279889484356,1.8131489945781876,2.269451743443572,1.2262478512898856,-0.7923769306880502
210,1.4526459472714333,-0.5337038334207889,0.9976044818459375,,0.7480366782781077,,0.3236780009271176,,0.6479043741667295,,0.5625666530071712,,1.634860840752189,,-1.3679726079024435,,-0.8119164858355761,,-1.4849566287396085,,0.6077776043829944,,0.8763899131628613,,0.48557295227086295,,-0.5884033797249344
211,0.5135232346619218,0.7208509400367346,1.4684541988921405,,0.4850555976714538,,1.4674663464589408,,0.7228133088642021,,-0.5625136036958371,,-0.3087712379522705,,0.9578022032133003,,0.29493019939397735,,-1.0335623345676253,,-0.9723188512625105,,-0.39052377830575247,,-0.4840094225686239,,1.7429426974919655
212,0.24030686207149834,1.2657797939889495,0.17578964476846085,-0.23690816422663794,-0.2477742764654979,0.14677979495343155,0.8433137296568018,-0.5704546109052363,0.26723208826425227,1.3806880300966369,1.4157437235113126,0.35025489911661023,1.103165049015974,1.7353143557388682,-0.12226714127560272,1.0688520081771533,0.9137268594296227,-0.42723098172563334,-0.5148170978593628,-0.47233740116992273,0.8124841953765811,0.31013057077062983,0.6329334949049611,0.06388041363188335,0.7316075616366104,0.3269525838317303,1.7934298025309097
213,-1.8898746924284227,-0.20718841970979815,-0.9903522578548565,-0.6195259935540318,-1.3863403155646565,-1.764770396753583,-1.6509345156499637,-1.6369386089061795,-1.3470123154509126,-3.2808417039471713,-1.0829932996418163,-2.349782030030388,-3.1803056757491843,-2.4666585011884634,0.7970783690181723,0.7517450251168192,0.9205386127375179,0.7857664164365719,0.9991482223860313,0.12654310554410897,-1.5284459191507405,-0.4282104749076287,0.06678623949819107,-0.15046778085393003,-0.31920910892473153,0.7804894638828197,-0.5533656988889172
214,1.3521742112352495,0.6437969924810115,-0.25571237501063,-0.3470261228798769,-0.6844184106143161,-0.7901289702688972,0.49647380298244964,0.05885860959260086,-0.3177707396021788,1.0278125611897064,0.3542086145250949,-0.21976804043422105,0.23362199219017743,-0.7363662721859741,-0.13208738424154112,0.1845491172429218,0.0456549214036544,0.37195069252829915,-0.9732576036191022,-1.3260997703664636,-0.09337624541794698,0.8416671204152049,0.9591333208874497,-0.8371214881867457,-0.4422587151792291,0.7965383045051203,-0.21683755750182182
215,0.296191016995677,-0.30780892452042463,0.28489350075261455,-0.31679406674446736,-0.6525723990046657,-0.7736757144488686,-0.29313279391269176,0.037757596288502504,-2.2246216727320185,-1.0653429603913174,-2.603052971279883,-1.157045022894419,-0.23787778386357816,-0.9775502833511781,-1.1373407387170316,-0.5826945027363375,-0.17484766303889399,-0.46139022832196663,-1.7293789138681364,-0.7783360599835827,-0.9446897414940703,-0.2532444265559118,-0.2878766680934986,-1.9194248224558106,-0.4092296885640924,-0.6086156107233174,-4.139212201116689
216,0.6437940377117184,-0.8244959636099211,0.32661474316729167,-0.03749658895274788,1.0902038076284835,0.20931495509863524,-0.1675635804000672,0.5669242325308288,-0.8252505837659635,-0.580269100280185,-0.6735899371922305,-1.0049445232027132,-1.316008086499719,-0.22979342513892448,1.3778893320718109,0.5084669309100235,0.7765833329657286,1.975019822659489,0.6569612541566627,0.2010990101358211,-0.37618016469348714,-0.655542081249813,0.45224430246410685,0.9558534731400903,0.5037056205995901,0.3439581062177016,-0.5093501860772933
217,0.6908880953891992,-0.796788284891148,-1.0205942254427662,-1.6773638041701846,-0.8040497747451154,-0.6471905720343359,-0.8577446716202048,-0.13341759313143398,-0.7822978493999249,-1.4852519471299073,-0.5555021807785931,-0.28170287562203344,-0.4915426824374834,-1.0787177217384691,-0.9546201873688892,0.44710177294612197,-0.015382457383941894,-0.3238794280793313,-0.2257046012673175,-0.0904386100081597,-0.27112854234093253,-1.1657380970670363,-0.6681123993265791,-0.6115464673348323,-0.6203330483037424,0.36737858343782354,-0.40931693563409954
218,0.1540170797745954,0.9142783566358336,1.5895075405252663,-0.8212408773352674,-0.6379326732382048,-0.3352148954384048,-0.019140687158755276,0.28705957099029705,0.773712215603098,-0.25083714917203903,1.4977459126699149,-0.5805049360349553,1.8477768940734163,0.26111600794681533,0.944409506051291,-0.1774846102690924,1.1244265324860168,1.0181435464897421,2.117418995810846,0.7019080519192928,-0.7718433173665811,1.2290328409838538,1.1995204999217626,0.5445696495797928,-1.7731798966684025,0.0037739427032660727,-1.5723006197791496
219,-1.2115921136694727,-0.2731092718799577,1.589130170639639,0.37319205906304725,0.9955196162746625,0.7275578348180605,-0.07670557939744094,0.43000265044170355,1.2392428248357767,1.1717000516084772,0.7184545472538735,-0.11132219231597351,0.5330221575333344,0.3759413054474704,1.1484880897178915,1.0320554845688354,1.4980041897638685,1.170921876200576,0.35457104733009503,0.9607660243505878,-0.009595444103950745,-1.4182396376741844,-0.4642367562550943,-0.9902227166702862,-0.19865797960093773,0.9977603858224207,1.647949693680899
220,-0.2751255569728802,-0.8274990846886724,1.4608509502481315,1.1320078586472448,0.5788402600356908,1.6493289740464574,0.4634274102733929,-0.3382669483974183,-0.9344585598969172,-0.24839003757505404,-1.0776895571763039,-1.0358733143010481,-1.5488688374111896,-1.380508979650408,-0.14858280177295652,0.026025856582880924,0.9000939574748164,-0.299658828923975,-0.05191110842865505,-0.39403079595192414,0.4229946386699448,0.6842879681673287,1.3246804241757681,0.3952953406424689,-0.3036107848843748,0.8917401069500589,-0.16968793056367973
221,-0.029909503644342247,0.7250456868321606,-0.25819874619886984,-0.7100693918543226,2.109807554174444,1.5436658512786532,1.46635711658831,-1.0054613803402934,0.3630953482042514,-0.37886043106395656,0.48761149536998327,-0.8284583974324968,-0.3383562132992428,-0.9787714677582906,0.5579651028874169,2.3558048944736916,0.5094313805304544,0.6405117654106948,-0.6333721764449689,0.6869864229691385,1.185839747943284,1.907350103858884,1.121014592372486,1.5105499447761344,-0.07033244806154004,0.8862496585827508,0.046471991766033505
222,-1.03575961494817,-0.20235052439958098,-0.2109676035595596,-0.9734580698479761,0.007055924856955914,-0.265634780695949,0.2085524168745374,1.8489411543944125,-0.7833986859755488,0.012382536268072052,1.0329207772076914,-0.179879483866996,-0.4934018459165064,0.29620475716250577,0.4297206042754251,0.48507777358829696,-0.05017710019482691,0.15326661587854573,0.2849287929322844,0.5909860000005674,0.10560203470179336,-0.37943961669461546,0.6146169544605037,1.1630297374254233,-0.029181204600647437,0.1088867972660662,-0.21828025054986072
223,2.6871322066895704,-0.43410919675682,-0.6624720084668764,-0.7106180798128834,-0.7089667481901961,-0.5031579791749574,0.7040402763253051,0.4948674451145455,-0.7805048893781281,0.15535581732478854,-0.08531460139846064,1.2213880725662025,0.045450598399347175,-0.7031211757225663,0.023407609944720423,-0.7654606517489266,-0.09687264152772775,-0.07364384108471367,-0.27059944326018287,-0.5860727700446634,1.1287080914719,-1.2003433071804719,-0.6623800791559036,0.6310271568388691,0.826056413347598,-1.4762012524648256,0.47217985977126675
224,0.8673658683988921,-0.10783218689778011,0.2921503500189222,0.5268135924518408,0.8484783099994315,1.2335899310402187,1.8214111382031386,0.3439549062626187,0.36580551477593903,0.34187567404510844,0.9871248280118845,-0.595773710597879,1.3375364969120744,1.34508324027477,1.0929321650992891,0.5774161520160606,1.339316137613723,0.8098935551051669,0.14734833485917675,1.0533892637355347,1.7335422771482916,-0.07592913909823101,0.10297276243747899,1.1811324349320425,0.4579880722493952,2.079530126064487,0.9172362863609624
225,1.1277199385405963,-0.160472563589766,-0.44761861108052725,-1.4193724884950996,-0.17046883752333777,-0.5017365363238196,0.046906108442701155,-0.3051412593152543,-0.8989926889670283,-0.5720189688358535,-0.16927179612555143,-0.846637304263411,-0.8034792480686056,-0.04875903072937175,-1.4048297600347068,-1.4156105470920883,-1.2044190464309732,-0.9277084219650633,-0.7726173465760372,0.28913560500569574,-2.0189280181369798,-0.9655752913459845,-1.815797131091014,-1.8991302144253732,-3.1093863980639025,-0.37860611338334793,-0.660904378280964
226,1.1586026094657,0.20763052309388413,0.0301121554385958,0.544424997262099,-0.011649136519669229,0.41709636340815864,-0.8400261317620517,0.15746296331142945,-0.6061015151043726,-1.1606307291427878,-0.5243245459891809,-0.503275277171707,-0.4274415313760126,0.20169866187385335,-1.920225285610031,0.034058433114316555,-1.5125889619518258,0.0496043327529454,-2.1288713857444153,0.18822697076447686,0.4996399894094665,1.5352737010871667,2.3064154503833945,0.6699704989652706,2.0100887447347464,0.38469131886710783,0.8740875722073058
227,0.6736505539922644,-0.14498793122783485,1.036125963069625,1.5284581624873592,-0.15011969354114396,0.6603301871012413,0.8163944684014359,0.6242557913556213,-2.084990231204839,-1.3336513845250841,-2.153964194906461,-1.2819264847617087,-0.7373396103892578,-1.3678894907412116,-0.20641519810331438,0.35493476041125177,0.40322205846786363,-0.0762114775494017,0.049126502213237444,0.5261231433406457,1.4974567654271267,1.3578749653351172,-0.1387512320840636,-0.8412466229968667,-1.1618450213767892,-0.2578498644089344,0.3987976213630906
228,-1.6731166743651948,0.764896799440896,0.16273367187776056,-1.1195212292107204,0.1675758989127496,0.5400201597290127,0.8292968484554006,0.24513892345057792,0.22544892582430415,0.8740003634505735,0.9520110921718705,0.8340685721036112,0.5231337797926248,1.383661920725967,-1.8749350543911691,-0.8526783525583631,-1.8034815674996625,-0.49090688056019816,-1.675202640967591,-0.12323360824605151,0.1585694537858321,0.6232939609744987,0.362061540501262,0.18253521072152457,-0.2401826896540436,0.4650175677304249,1.0628029896757334
229,1.1742458454944447,1.4155826785640864,0.7329749524270345,-1.4549952011884864,1.3380834659780174,0.1018572169006757,0.42026491223548845,1.2412275387989293,1.0697182651762946,0.9732180676115569,1.0557282105246322,0.5112180197388171,0.35486861911765066,1.3265661157474502,0.9109189220336367,0.40617456857484907,1.1197546139378547,-1.1542561835583725,0.006790699774647746,0.26132443682325923,0.08068394572680185,-0.6228952645407791,0.717650668983162,-0.4751464310007014,-1.0878051932440644,0.674534562001516,0.23622258399998625
230,-0.43907632851365724,0.20541314095405377,-0.19891739569719694,0.09948216759127482,0.328644897382978,-0.9611931953764796,-0.0692532271532886,0.03806139110220655,-1.4024647101598937,0.020941096997288106,-1.5369743323603635,-1.0729040017051779,-1.2688201397801224,-0.9895535481577247,0.7085018890646277,0.6953307992091742,0.45862760161717836,0.0699878557904462,-0.4283681826546004,1.8151919490284447,0.9645587699258467,0.03006637636885473,0.9919930510954778,-0.038234124446863416,0.8002529342166466,0.9941014151667756,0.9074407091410455
231,-0.7660658418521984,0.04434237994322242,-0.687799848543372,-0.797376196369247,0.010315290386088694,-0.3530318296455921,-2.1828561270267395,-0.8390239952078369,-1.1995806847843058,-0.6873385578390228,0.25393748214998413,0.3039540189160721,-0.23166192997698426,1.0194732161936593,0.9743655064683985,-0.23800952235917433,-0.11159169914587008,0.11841620465757169,-0.788658466051875,-0.007056265456289901,0.6566818010439297,-0.4633982042250343,0.2831496064629769,-1.2537958151533386,0.6026667695365125,0.9089449804492932,0.6017770246987193
232,-0.9047289776583771,-0.13880188003355254,1.4371933476858925,0.202786864391165,0.9892604711804969,0.8181323343893959,0.5494343855709221,1.965308884721208,0.8795857282820021,-1.276307888497238,0.14569346537874958,0.36943289952520697,-0.22466830818730749,1.0351018629895004,0.2705689987270693,0.5858681468526008,0.9809432393771282,0.35882489769117365,2.161399717121158,-0.2288918559457965,0.22439266706658706,-1.1063173429485615,1.032638963087467,-1.196342167358425,-0.46905219233680884,-1.6181070424934103,1.1408886405187446
233,-0.14157482027776014,0.6264127888086806,1.4737438488525534,-0.052877870724019255,0.6006611934453707,0.941868143307448,-0.6722123512672252,0.919415870505623,0.8593864694255157,2.151025248809739,0.316028671966491,0.04262061272749573,-0.1592341976598769,0.8883345932633568,-0.16721339569822005,-0.5128101704258964,-0.7181330592805403,-0.2782076548795274,0.05053630303792222,0.791897872659473,1.5772232954750933,0.32772735697604694,-0.1596970070332122,0.6236916431638534,1.0627171593480678,0.10299889747450389,1.1566789635150865
234,0.49686511615408463,0.25076115053114056,0.5535580953882604,0.41326484853072964,0.08702981531451097,0.4032708246770014,1.2154403678621515,0.5765355851474395,0.47897718361366276,-0.40081816553218597,1.100267126298125,0.7863814594980896,0.8067289389812485,1.5273128014072592,-0.9307767957437862,-0.6155218773100603,-2.2056851028859623,0.08626726800277525,-0.37896812612643355,0.9161562542653319,-0.4526182532854532,1.4434208537903985,0.13150741522897846,1.5120643645558103,0.011439721727040032,-1.0508842869898025,0.3160002780481826
235,-1.1949866201726824,1.3793597483474285,2.478784395456935,2.0555124959407287,1.4556452581253032,1.973977134535312,2.107529374996815,1.3080838034378417,0.33245515426758776,-0.06451744064131396,-0.6855867074979556,-0.9955437239163109,-0.157629010168776,-0.30084089619840737,-1.8973972077569758,-1.8120256382592421,-0.9550662421698197,-0.6391298242470431,-1.9710249353675697,-1.9483822212649102,-0.3619784282208302,-0.9438475908846322,-0.7321387203885934,0.39953045568235485,0.4738135331082979,-1.018894514818439,1.0110458775173758
236,-0.7604759491952559,0.6985614228831434,0.771412068333854,0.1180700428463754,0.8171261610026517,0.6218176284045478,1.2210778737794739,0.7132821890444792,0.3512471718643239,-0.28240960417097527,-0.47111163736637,0.5426635036502947,0.6249759917379871,0.3452249384051767,-0.4487694728460142,-1.028979175006163,-0.6824959781735449,0.07366584111298052,-0.058103125356877505,-1.6344083382655217,-0.04004694951121268,0.1300781631343274,0.039040755706329255,-0.6238251595184899,-1.2527904503951972,0.030978286005700156,-0.5864286718314083
237,-0.927275310392739,0.7825611665009014,-0.3733338417542981,1.1063953410949128,0.5420459678128413,-1.394519053042259,1.174778078833852,1.0314899257351755,0.3589288203867096,0.8882874524151119,0.5697769801905959,0.3824698770702237,0.3988765509985569,-0.19643562533340883,-1.2321717205996083,-1.2117495515073629,-2.113774597799522,-0.8857139933077293,-0.4239364723033643,-0.9421074594385712,-0.9312406880574666,-0.026849156842137734,-0.9105010253217888,0.4057023120604183,-0.731130215389173,-0.6388816910092158,0.27556867529630713
238,0.6833279659545367,-0.39988068022909434,-1.0547626213043906,0.4020990393906679,-0.9288601327553937,-0.25231605369651167,-0.38961658589291714,-1.579298147392317,0.14569258867866294,-0.31567610772086263,-1.4815739460798745,-0.3135003025661784,0.676626324840076,0.7775605212735414,-0.2719364980376313,0.49069893428812517,-0.9977202552827508,-0.5681302083077042,-0.6035141547158687,-1.5827256153942606,-0.6875148548000486,-0.4555924367241345,-1.5265892678512416,-0.9453418089502562,-1.9621067496313933,-0.47766037984132026,-0.2044120720159565
239,0.618598978936451,0.05970402264865265,1.0055361534661449,-0.9116419095406982,0.8133146269360798,0.5852882214035215,0.1845892086831936,1.761339743541034,0.3022988719191555,0.41834735942259427,-1.4380843586120085,-0.18003408432277335,-0.5872057036585234,0.39305992365058706,1.3560068899601765,2.3927522733067623,0.9959178112926194,0.23414582163801234,0.8286018444682592,-0.36608078236228503,-0.8658977163652964,-1.4072517509988822,-0.9893732172181519,-0.35849304713503116,-1.5029613106207222,-0.6321130584728463,0.5886021765683822
240,0.8639899873513125,0.39218611433401657,-1.5305142389108812,-0.9023712008986744,-0.3402484025836996,-1.1257094550451598,-0.2664038718176497,0.5366819406523149,1.1217050993198603,0.4802928921684018,1.0908035996327141,0.6455767643859952,0.5894382256102791,0.3713897836690973,-0.018929065954214674,0.007197753615390101,-0.2628028221605981,-0.18350265562115653,-0.2349684229835821,-0.35791265274471645,-0.826143194404428,-0.6552792942170248,-0.13536825727733853,-1.3563538995457942,-0.4150396160258929,0.5088766075001339,-1.7166784431948283
